cluster,keyword,seen_on,intent,priority,camzify_page_today,action,search_volume
Category,cloud vms,"Eagle Eye, Solink, 3dEYE",commercial,own,/platform,Owned. Keep as the platform title; the cloud cluster feeds it.,pending: DataForSEO 402 on 2026-09-17
Category,ai cloud vms,Solink,commercial,high,/platform,Add the phrase once to the platform H1 area; Solink has a dedicated page.,pending: DataForSEO 402 on 2026-09-17
Category,cloud video surveillance,"Eagle Eye, Cloudastructure",commercial,own,/cloud-video-surveillance,Owned by the pillar.,pending: DataForSEO 402 on 2026-09-17
Category,video surveillance as a service (vsaas),"Solink LP, Eagle Eye whitepaper, Pro-Vigil glossary",informational,high,(none),New guide: what VSaaS is and how it differs from a cloud VMS; link from the cloud pillar and llms.txt.,pending: DataForSEO 402 on 2026-09-17
Category,cloud video recording,Cloudastructure,commercial,medium,/platform/video-backup-and-retention,Add the phrase to the title or H1 of the backup page.,pending: DataForSEO 402 on 2026-09-17
Category,cloud business security camera system,Solink LP,commercial,medium,/cloud-video-surveillance,Add a section or FAQ answering the phrase; buyers use 'business camera system' more than 'VMS'.,pending: DataForSEO 402 on 2026-09-17
Category,cctv security system,Solink LP,commercial,support,/cloud-video-surveillance,"Support phrase on the pillar; do not build a page, it implies hardware.",pending: DataForSEO 402 on 2026-09-17
Category,security camera system / security cameras,"Coram, Rhombus, Verkada",transactional,skip,(hardware),Skip: Camzify sells no cameras. Never let it become an H1.,pending: DataForSEO 402 on 2026-09-17
Category,hybrid cloud video surveillance,3dEYE,commercial,high,(none),"New guide: hybrid cloud, keep the NVR and add the cloud for the cameras that matter; matches the bandwidth guidance already on the site.",pending: DataForSEO 402 on 2026-09-17
Category,cloud nvr / nvr alternative,"Coram (/nvr), 3dEYE",commercial,own,/guides/what-is-a-cloud-nvr,Owned by the new guide; the pillar carries the phrase.,pending: DataForSEO 402 on 2026-09-17
Category,ip camera hosting / camera to cloud,"Pro-Vigil feature, Eagle Eye camera direct",commercial,medium,/camera-connectivity,Add 'IP camera cloud hosting' to the connectivity page copy and FAQ.,pending: DataForSEO 402 on 2026-09-17
Category,video management system (vms),"Pro-Vigil glossary, Eagle Eye",informational,high,/guides/what-is-a-cloud-vms,Definition exists inside the cloud VMS guide; a short glossary entry would rank for the bare term.,pending: DataForSEO 402 on 2026-09-17
Remote monitoring,remote video monitoring,"Eagle Eye, Pro-Vigil glossary, Cloudastructure",commercial,own,/use-cases/remote-video-monitoring,Owned. Strengthen with a cost angle: Pro-Vigil ranks with a cost guide.,pending: DataForSEO 402 on 2026-09-17
Remote monitoring,remote video monitoring cost,Pro-Vigil blog,commercial,high,/guides/remote-guarding-cost,Retitle or add an H2 so the guide carries 'remote video monitoring cost' explicitly.,pending: DataForSEO 402 on 2026-09-17
Remote monitoring,remote guarding,Cloudastructure,commercial,own,"/virtual-guard, /partners/for-security-agencies",Owned across two pages; keep.,pending: DataForSEO 402 on 2026-09-17
Remote monitoring,virtual guard / virtual security guard,Pro-Vigil glossary,commercial,own,/virtual-guard,Owned.,pending: DataForSEO 402 on 2026-09-17
Remote monitoring,ai security guard,Spot AI,commercial,high,/virtual-guard,Add the phrase to the virtual guard page: Spot AI has a dedicated page for it.,pending: DataForSEO 402 on 2026-09-17
Remote monitoring,video alarm monitoring / video alarms,"Solink, Rhombus",commercial,high,/use-cases/alarm-verification,Add 'video alarm monitoring' to the title and an H2; Solink and Rhombus both have product pages.,pending: DataForSEO 402 on 2026-09-17
Remote monitoring,video verification,Pro-Vigil glossary,informational,medium,/use-cases/alarm-verification,Covered; add a two-sentence definition block.,pending: DataForSEO 402 on 2026-09-17
Remote monitoring,security operations center (soc),"Solink LP, Pro-Vigil glossary",informational,medium,/partners/for-monitoring-centers,New glossary entry or guide: what a SOC does and how a monitoring center runs rounds from it.,pending: DataForSEO 402 on 2026-09-17
Remote monitoring,central station / central monitoring station,Pro-Vigil glossary,informational,medium,(none),Glossary entry; the brief notes the site uses 'monitoring center' and never these phrases.,pending: DataForSEO 402 on 2026-09-17
Remote monitoring,daytime monitoring,Pro-Vigil,commercial,low,(none),Niche; skip unless the business sells daytime rounds specifically.,pending: DataForSEO 402 on 2026-09-17
Remote monitoring,24/7 video monitoring,"Pro-Vigil, Cloudastructure",commercial,medium,/use-cases/after-hours-monitoring,Add the phrase to the after-hours page or the remote video monitoring page.,pending: DataForSEO 402 on 2026-09-17
AI detection,ai video analytics,"Pro-Vigil glossary, Pro-Vigil feature",informational,own,"/guides/what-is-intelligent-video-analytics, /ai-features",Owned.,pending: DataForSEO 402 on 2026-09-17
AI detection,ai security camera / ai camera system,"Solink LP, Spot AI",commercial,high,/ai-features,Add 'AI security camera software' to the hub title or H1; both competitors own the phrase.,pending: DataForSEO 402 on 2026-09-17
AI detection,smart video search / ai security camera search,"Eagle Eye, Coram",commercial,medium,/ai-features/forensic-video-search,Add the phrases to the suspect search page.,pending: DataForSEO 402 on 2026-09-17
AI detection,gun detection,Coram,commercial,high,/ai-features/weapons-detection,"Add 'gun detection' to the title, H1 or FAQ; buyers search it more than 'weapons detection'.",pending: DataForSEO 402 on 2026-09-17
AI detection,people counting / people detection,3dEYE,commercial,medium,/ai-features/occupancy-and-peak-hour-trends,Add 'people counting' to the occupancy page.,pending: DataForSEO 402 on 2026-09-17
AI detection,loitering detection,"3dEYE, Pro-Vigil glossary",commercial,own,/ai-features/loitering-detection,Owned as of this week.,pending: DataForSEO 402 on 2026-09-17
AI detection,intrusion detection,Pro-Vigil glossary,informational,own,"/ai-features/line-intrusion-detection, /ai-features/zone-intrusion-detection",Owned; a glossary entry for the bare term would help.,pending: DataForSEO 402 on 2026-09-17
AI detection,motion detection,Pro-Vigil glossary,informational,own,/ai-features/motion-detection,Owned.,pending: DataForSEO 402 on 2026-09-17
AI detection,tailgating detection,"Coram, Pro-Vigil glossary",commercial,own,/ai-features/tailgating-detection,Owned.,pending: DataForSEO 402 on 2026-09-17
AI detection,fire and smoke detection camera,3dEYE,commercial,own,/ai-features/fire-and-smoke-detection,Owned; hardware-intent variants stay support.,pending: DataForSEO 402 on 2026-09-17
AI detection,license plate recognition (lpr / alpr),"Coram, 3dEYE, Pro-Vigil",commercial,skip,(not a feature),Skip: the site says vehicle monitoring is not plate reading. Do not target.,pending: DataForSEO 402 on 2026-09-17
AI detection,facial recognition,"Coram, Pro-Vigil glossary",commercial,skip,(not a feature),Skip: the site states no facial recognition. A glossary entry saying why could still earn a citation.,pending: DataForSEO 402 on 2026-09-17
AI detection,safety alerts / productivity alerts,Coram,commercial,medium,"/ai-features/ppe-violation-detection, /use-cases/workplace-safety-monitoring",Covered; add the phrases as H2s.,pending: DataForSEO 402 on 2026-09-17
AI detection,camera health monitoring / ip camera health monitoring,Pro-Vigil feature,commercial,own,/use-cases/camera-health-monitoring,Owned.,pending: DataForSEO 402 on 2026-09-17
AI detection,false alarm reduction,Pro-Vigil glossary,informational,own,/guides/how-to-reduce-false-alarms,Owned.,pending: DataForSEO 402 on 2026-09-17
Operations,loss prevention,"Solink LP, Solink solutions, Pro-Vigil glossary",commercial,high,/use-cases/theft-prevention,Add 'loss prevention' to the title and an H2; Solink built a whole solution around it.,pending: DataForSEO 402 on 2026-09-17
Operations,exception-based reporting,Solink,commercial,skip,(none),Skip: needs POS integration Camzify does not have.,pending: DataForSEO 402 on 2026-09-17
Operations,dock delays / loading dock monitoring,Coram,commercial,own,/use-cases/loading-dock-monitoring,Owned.,pending: DataForSEO 402 on 2026-09-17
Operations,incident investigation / deep investigation,Coram,commercial,own,/use-cases/incident-investigation,Owned.,pending: DataForSEO 402 on 2026-09-17
Operations,security compliance enforcement,"Coram, Solink",commercial,medium,/use-cases/virtual-patrolling-for-compliance-evidence,Covered; add 'enforce compliance' phrasing.,pending: DataForSEO 402 on 2026-09-17
Operations,disaster recovery for video / video footage backup,Pro-Vigil feature,commercial,own,/use-cases/cloud-video-backup-against-dvr-theft,Owned.,pending: DataForSEO 402 on 2026-09-17
Operations,video storage / cloud camera storage,"Pro-Vigil, 3dEYE",commercial,own,/platform/video-backup-and-retention,Owned.,pending: DataForSEO 402 on 2026-09-17
Cost,total cost of ownership cloud video surveillance,Eagle Eye,commercial,high,/guides/cloud-vms-cost,"Add a TCO H2 to the cost guide: hardware, disks, replacement, staff time against per-instance.",pending: DataForSEO 402 on 2026-09-17
Cost,cloud video surveillance security / cybersecurity,Eagle Eye,informational,medium,/security-and-compliance,"Add a guide on how cloud video is secured (encryption, permissions, audit trail, what is not held).",pending: DataForSEO 402 on 2026-09-17
Comparison,verkada alternative,"Solink LP, Spot AI, Rhombus, 3dEYE",commercial,high,(none),"New comparison: Camzify vs Verkada, software-only on existing cameras against a hardware ecosystem.",pending: DataForSEO 402 on 2026-09-17
Comparison,rhombus alternative,"Solink LP, Spot AI",commercial,high,(none),New comparison page.,pending: DataForSEO 402 on 2026-09-17
Comparison,solink alternative,Spot AI,commercial,high,(none),New comparison page.,pending: DataForSEO 402 on 2026-09-17
Comparison,spot ai alternative,Solink LP,commercial,high,(none),New comparison page.,pending: DataForSEO 402 on 2026-09-17
Comparison,coram ai alternative,Solink LP,commercial,medium,(none),New comparison page.,pending: DataForSEO 402 on 2026-09-17
Comparison,eagle eye networks alternative,"Solink LP, 3dEYE",commercial,own,/compare/camzify-vs-eagle-eye-networks,Owned; add 'alternative' phrasing to the title or an H2.,pending: DataForSEO 402 on 2026-09-17
Comparison,avigilon alternative,"Solink LP, Rhombus",commercial,medium,(none),"New comparison page, from Avigilon's public documentation only.",pending: DataForSEO 402 on 2026-09-17
Comparison,milestone alternative,"Solink LP, Spot AI",commercial,medium,/compare/camzify-vs-traditional-vms,Add a named section or a dedicated page.,pending: DataForSEO 402 on 2026-09-17
Comparison,genetec alternative,Spot AI,commercial,medium,/compare/camzify-vs-traditional-vms,As above.,pending: DataForSEO 402 on 2026-09-17
Comparison,cloud vms vs on-premise vms,Eagle Eye,commercial,own,/compare/cloud-vms-vs-on-premise,Owned.,pending: DataForSEO 402 on 2026-09-17
Industries,cannabis / dispensary security cameras,"Solink, Coram, Pro-Vigil",commercial,medium,(none),New industry page if the business serves it; regulated retention makes patrol reports a fit.,pending: DataForSEO 402 on 2026-09-17
Industries,hotel / hospitality security cameras,"Solink, Rhombus",commercial,medium,(none),New industry page.,pending: DataForSEO 402 on 2026-09-17
Industries,gym / fitness center security,"Rhombus, Coram",commercial,low,(none),"New industry page, lower priority.",pending: DataForSEO 402 on 2026-09-17
Industries,places of worship security,"Rhombus, Coram, Solink",commercial,low,(none),"New industry page, lower priority.",pending: DataForSEO 402 on 2026-09-17
Industries,convenience store / gas station security,Solink,commercial,medium,/industries/retail,Add a section to retail or a dedicated page.,pending: DataForSEO 402 on 2026-09-17
Industries,grocery store security,Solink,commercial,low,/industries/retail,Section on retail.,pending: DataForSEO 402 on 2026-09-17
Industries,quick service restaurant security,Solink,commercial,medium,/industries/restaurants,Add QSR phrasing to the restaurants page.,pending: DataForSEO 402 on 2026-09-17
Industries,auto dealership security,"Cloudastructure, Pro-Vigil",commercial,high,/industries/automotive,Retitle automotive toward 'dealership' and add lot after-hours rounds; two competitors target it directly.,pending: DataForSEO 402 on 2026-09-17
Industries,car rental lot security,Pro-Vigil,commercial,low,/industries/automotive,Section on automotive.,pending: DataForSEO 402 on 2026-09-17
Industries,scrap yard / recycling center security,Pro-Vigil,commercial,medium,/industries/waste-management,Add the phrases to waste management.,pending: DataForSEO 402 on 2026-09-17
Industries,solar farm / substation / utility security,Pro-Vigil,commercial,high,/industries/energy,"Add H2s for solar farms, substations and utilities to the energy page; Pro-Vigil has a page for each.",pending: DataForSEO 402 on 2026-09-17
Industries,heavy equipment / equipment rental security,"Pro-Vigil, Cloudastructure",commercial,medium,/industries/construction-sites,"Section on construction sites, or a use case on equipment theft.",pending: DataForSEO 402 on 2026-09-17
Industries,lumber yard / building supply security,"Cloudastructure, Pro-Vigil",commercial,low,(none),Consider a use case if the business sees demand.,pending: DataForSEO 402 on 2026-09-17
Industries,trucking / logistics / freight security,"Cloudastructure, Pro-Vigil, Eagle Eye",commercial,high,/industries/warehouses,Add a logistics section or a dedicated page; three competitors target it.,pending: DataForSEO 402 on 2026-09-17
Industries,data center security cameras,"Coram, Cloudastructure",commercial,own,/use-cases/tailgating-detection-for-data-centers-and-secure-entrances,Covered by a use case; an industry page would rank for the bare phrase.,pending: DataForSEO 402 on 2026-09-17
Industries,school security cameras / campus security,"Coram, Rhombus, Solink",commercial,own,/industries/education-facilities,Owned; add 'school security cameras' phrasing.,pending: DataForSEO 402 on 2026-09-17
Industries,hospital security cameras,"Coram, Rhombus",commercial,own,/industries/healthcare,Owned; add the phrase.,pending: DataForSEO 402 on 2026-09-17
Industries,multifamily / apartment security,"Cloudastructure, Coram, Rhombus",commercial,own,"/industries/residential, /industries/property-management","Owned; add 'multifamily' phrasing, which US buyers use.",pending: DataForSEO 402 on 2026-09-17
Industries,self storage security,"Cloudastructure, Pro-Vigil",commercial,own,/industries/self-storage,Owned.,pending: DataForSEO 402 on 2026-09-17
Industries,construction site security,"Pro-Vigil, Cloudastructure, Rhombus, Spot AI",commercial,own,/industries/construction-sites,Owned; add a jobsite security checklist (see resources).,pending: DataForSEO 402 on 2026-09-17
Industries,government / city security cameras,"Coram, Rhombus, Spot AI",commercial,low,(none),Only if the business sells to public bodies.,pending: DataForSEO 402 on 2026-09-17
Industries,commercial security systems,"Coram, Pro-Vigil",commercial,medium,/cloud-video-surveillance,Add the phrase to the pillar; it is the generic buyer term.,pending: DataForSEO 402 on 2026-09-17
Resources,construction site security checklist / jobsite security checklist,Pro-Vigil,informational,high,/guides/security-audit-checklist,New guide: a construction site security checklist; Pro-Vigil ranks with two.,pending: DataForSEO 402 on 2026-09-17
Resources,commercial security checklist,Pro-Vigil,informational,medium,/guides/security-audit-checklist,Retitle or add an H2 so the audit checklist carries the phrase.,pending: DataForSEO 402 on 2026-09-17
Resources,multi-site security blueprint,Pro-Vigil,informational,medium,/guides/cloud-vms-for-multiple-sites,"Covered by the new guide; add the word 'blueprint' nowhere, but add a checklist section.",pending: DataForSEO 402 on 2026-09-17
Resources,security survey / industry report,Pro-Vigil (annual),informational,low,(none),Original data earns links; only possible once the business has customers to survey.,pending: DataForSEO 402 on 2026-09-17
Resources,"glossary: nvr, vms, ip camera, onvif, poe, ptz, cctv, perimeter security, video verification, soc, false alarm, geofencing","Pro-Vigil (36 terms), Solink, Coram (100+)",informational,high,/guides/onvif-and-rtsp-explained and scattered,New /glossary silo of 25 to 35 short definitional pages; the cheapest AI-citation surface the competitors all use.,pending: DataForSEO 402 on 2026-09-17
Local,security companies in [city] / remote video monitoring [city],"Pro-Vigil (8 cities), Coram (40 cities)",transactional,medium,(none),The five declared markets need market pages with real facts from the business; city pages only where there is a presence.,pending: DataForSEO 402 on 2026-09-17
Personas,security camera system for it teams / facilities / operations,Rhombus teams pages,commercial,low,"/partners, /use-cases",Persona pages are a later step.,pending: DataForSEO 402 on 2026-09-17
Partners,security camera dealer program / reseller program,"Eagle Eye, Solink, Spot AI",commercial,own,/partners/become-a-reseller,Owned; add 'dealer program' phrasing.,pending: DataForSEO 402 on 2026-09-17
Partners,white label video surveillance,3dEYE,commercial,skip,(none),Skip: the business has no white-label option.,pending: DataForSEO 402 on 2026-09-17
