route,title,title_len,desc_len,h1_count,h1,h2_count,words,faq_count,schema_types,has_article_dates,has_author,has_sources,first_para_len,definition_lede,internal_links_out,inbound_links,images_missing_alt,canonical_ok,seo_score,aeo_score,geo_score,flags
/,AI Video Management & Virtual Patrolling Software | Camzify,59,150,1,Every camera watched.Every site checked.,17,4026,14,FAQPage LocalBusiness Organization SoftwareApplication WebPage WebSite,False,False,False,39,True,140,266,0,True,100,80,100,
/about,"About Camzify | AI Video Surveillance, Singapore | Camzify",58,149,1,About Camzify,6,276,0,BreadcrumbList LocalBusiness Organization SoftwareApplication WebPage WebSite,False,False,False,55,True,131,225,0,True,88,100,80,thin:276w
/about/muhammad-talha,Muhammad Talha | Product Manager and CTO at Camzify | Camzify,61,88,1,Muhammad Talha,5,341,0,BreadcrumbList LocalBusiness Organization Person SoftwareApplication WebPage WebSite,False,False,False,42,False,140,36,0,True,88,80,100,thin:341w lede-not-definition
/accessibility,Accessibility | Camzify,23,139,1,Accessibility,5,514,4,BreadcrumbList FAQPage LocalBusiness Organization SoftwareApplication WebPage WebSite,False,False,False,54,False,131,266,0,True,88,80,100,thin:514w lede-not-definition
/ai-features,Intelligent Video Analytics | 23 AI Detections | Camzify,56,140,1,"Intelligent video analytics, feature by feature",5,1512,5,BreadcrumbList FAQPage LocalBusiness Organization SoftwareApplication WebPage WebSite,False,False,False,49,False,132,225,0,True,100,80,100,lede-not-definition
/ai-features/abandoned-object-detection,Abandoned Object Detection | Unattended Bags | Camzify,54,122,1,Abandoned object detection,9,1012,6,BreadcrumbList FAQPage LocalBusiness Organization SoftwareApplication WebPage WebSite,False,False,False,23,True,130,226,0,True,100,100,100,
/ai-features/aggression-and-fight-detection,Aggression & Fight Detection on Cameras | Camzify,49,154,1,Aggression & fight detection,9,974,6,BreadcrumbList FAQPage LocalBusiness Organization SoftwareApplication WebPage WebSite,False,False,False,25,True,130,226,0,True,100,100,100,
/ai-features/ai-attribute-extraction,AI Attribute Extraction | Describe Who Was Seen | Camzify,57,146,1,AI attribute extraction,9,829,6,BreadcrumbList FAQPage LocalBusiness Organization SoftwareApplication WebPage WebSite,False,False,False,49,True,130,230,0,True,100,100,100,
/ai-features/behavioral-anomaly-detection,Behavioral Anomaly Detection | Watch For This | Camzify,55,142,1,Behavioral anomaly detection,7,1107,7,BreadcrumbList FAQPage LocalBusiness Organization SoftwareApplication WebPage WebSite,False,False,False,62,True,130,227,0,True,100,100,100,
/ai-features/camera-tampering-detection,Camera Tampering Detection | Five Modes | Camzify,49,125,1,Camera tampering detection,9,978,6,BreadcrumbList FAQPage LocalBusiness Organization SoftwareApplication WebPage WebSite,False,False,False,44,True,131,225,0,True,100,100,100,
/ai-features/cross-camera-journey-map,Cross-Camera Journey Map | Path Reconstruction | Camzify,56,148,1,Cross-Camera journey map,9,1004,6,BreadcrumbList FAQPage LocalBusiness Organization SoftwareApplication WebPage WebSite,False,False,False,27,True,130,226,0,True,100,100,100,
/ai-features/custom-detections,Custom AI Detections | Built to Order | Camzify,47,156,1,"Custom AI detections, built to order",10,1053,8,BreadcrumbList FAQPage LocalBusiness Organization SoftwareApplication WebPage WebSite,False,False,False,45,True,131,225,0,True,100,100,100,
/ai-features/fire-and-smoke-detection,Fire & Smoke Detection on Security Cameras | Camzify,52,131,1,Fire & smoke detection,9,1042,6,BreadcrumbList FAQPage LocalBusiness Organization SoftwareApplication WebPage WebSite,False,False,False,29,True,131,225,0,True,100,100,100,
/ai-features/forensic-video-search,AI Suspect Search | Forensic Video Search Software | Camzify,60,139,1,AI suspect search,9,1095,6,BreadcrumbList FAQPage LocalBusiness Organization SoftwareApplication WebPage WebSite,False,False,False,44,True,130,226,0,True,100,100,100,
/ai-features/heatmap-anomalies,Heatmap Anomalies | Foot Traffic Pattern Alerts | Camzify,57,143,1,Heatmap anomalies,9,955,6,BreadcrumbList FAQPage LocalBusiness Organization SoftwareApplication WebPage WebSite,False,False,False,25,True,130,226,0,True,100,100,100,
/ai-features/illegal-parking-detection,Illegal Parking Detection | Camera Enforcement | Camzify,56,138,1,Illegal parking detection,9,947,6,BreadcrumbList FAQPage LocalBusiness Organization SoftwareApplication WebPage WebSite,False,False,False,21,True,130,226,0,True,100,100,100,
/ai-features/license-plate-recognition,License Plate Recognition (LPR) Software | Camzify,50,145,1,License plate recognition on your security cameras,10,815,8,BreadcrumbList FAQPage LocalBusiness Organization SoftwareApplication WebPage WebSite,False,False,False,47,True,130,225,0,True,100,100,100,
/ai-features/line-intrusion-detection,Line Intrusion Detection | Virtual Tripwire | Camzify,53,152,1,Line intrusion detection,9,996,6,BreadcrumbList FAQPage LocalBusiness Organization SoftwareApplication WebPage WebSite,False,False,False,47,True,131,225,0,True,100,100,100,
/ai-features/littering-detection,Littering Detection on Security Cameras | Camzify,49,123,1,Littering detection,9,862,6,BreadcrumbList FAQPage LocalBusiness Organization SoftwareApplication WebPage WebSite,False,False,False,25,True,130,226,0,True,100,100,100,
/ai-features/loitering-detection,Loitering Detection | Dwell Time Alerts | Camzify,49,139,1,Loitering detection,9,1185,6,BreadcrumbList FAQPage LocalBusiness Organization SoftwareApplication WebPage WebSite,False,False,False,64,True,131,225,0,True,100,100,100,
/ai-features/motion-detection,Motion Detection | AI Motion Detection Software | Camzify,57,141,1,Motion detection,9,1197,8,BreadcrumbList FAQPage LocalBusiness Organization SoftwareApplication WebPage WebSite,False,False,False,49,True,130,227,0,True,100,100,100,
/ai-features/multi-object-tracking,Multi-Object Tracking | The Layer Beneath | Camzify,51,132,1,Multi-Object tracking,9,921,6,BreadcrumbList FAQPage LocalBusiness Organization SoftwareApplication WebPage WebSite,False,False,False,54,True,130,232,0,True,100,100,100,
/ai-features/occupancy-and-peak-hour-trends,People Counting & Occupancy Trends From Cameras | Camzify,57,127,1,Occupancy & peak hour trends,9,842,7,BreadcrumbList FAQPage LocalBusiness Organization SoftwareApplication WebPage WebSite,False,False,False,23,True,130,226,0,True,100,100,100,
/ai-features/ppe-violation-detection,"PPE Violation Detection | Hats, Vests, Gloves | Camzify",55,134,1,PPE violation detection,9,1039,6,BreadcrumbList FAQPage LocalBusiness Organization SoftwareApplication WebPage WebSite,False,False,False,28,True,131,225,0,True,100,100,100,
/ai-features/slip-and-fall-detection,Slip & Fall Detection on Security Cameras | Camzify,51,147,1,Slip & fall detection,9,1007,6,BreadcrumbList FAQPage LocalBusiness Organization SoftwareApplication WebPage WebSite,False,False,False,30,True,130,226,0,True,100,100,100,
/ai-features/tailgating-detection,Tailgating Detection at Controlled Doors | Camzify,50,128,1,Tailgating detection,9,1021,6,BreadcrumbList FAQPage LocalBusiness Organization SoftwareApplication WebPage WebSite,False,False,False,22,True,130,226,0,True,100,100,100,
/ai-features/vehicle-damage-report,Vehicle Damage Report From Camera Frames | Camzify,50,137,1,Vehicle damage report,9,926,6,BreadcrumbList FAQPage LocalBusiness Organization SoftwareApplication WebPage WebSite,False,False,False,26,True,130,226,0,True,100,100,100,
/ai-features/weapons-detection,Gun & Weapons Detection on Cameras | Visible Only | Camzify,59,130,1,Weapons detection,9,984,7,BreadcrumbList FAQPage LocalBusiness Organization SoftwareApplication WebPage WebSite,False,False,False,28,True,130,226,0,True,100,100,100,
/ai-features/wrong-way-vehicle-detection,Wrong-Way Vehicle Detection on Cameras | Camzify,48,125,1,Wrong-Way vehicle detection,9,898,6,BreadcrumbList FAQPage LocalBusiness Organization SoftwareApplication WebPage WebSite,False,False,False,23,True,130,226,0,True,100,100,100,
/ai-features/zone-intrusion-detection,Zone Intrusion Detection | Restricted Areas | Camzify,53,147,1,Zone intrusion detection,9,1031,6,BreadcrumbList FAQPage LocalBusiness Organization SoftwareApplication WebPage WebSite,False,False,False,44,True,131,225,0,True,100,100,100,
/alternatives,Camzify as an Alternative | Switching Guides | Camzify,54,147,1,Camzify as an alternative,5,338,4,BreadcrumbList FAQPage LocalBusiness Organization SoftwareApplication WebPage WebSite,False,False,False,47,True,132,224,0,True,88,100,100,thin:338w
/alternatives/adt,ADT Alternative for Business Video | Camzify,44,146,1,An ADT alternative for business video surveillance,11,2732,7,BreadcrumbList FAQPage LocalBusiness Organization SoftwareApplication WebPage WebSite,False,False,True,68,True,133,4,0,True,100,100,100,
/alternatives/verkada,Verkada Alternative That Keeps Your Cameras | Camzify,53,145,1,A Verkada alternative that keeps your cameras,11,2168,6,BreadcrumbList FAQPage LocalBusiness Organization SoftwareApplication WebPage WebSite,False,False,True,67,True,135,4,0,True,100,100,100,
/blog,"Blog | Video Security, Patrolling and AI Detection | Camzify",60,117,1,Blog,2,55,0,BreadcrumbList LocalBusiness Organization SoftwareApplication WebPage WebSite,False,False,False,14,False,130,224,0,True,100,80,100,
/book-a-demo,Book a Demo | See Camzify Virtual Patrolling Live | Camzify,59,129,1,Book a demo,1,213,0,BreadcrumbList LocalBusiness Organization SoftwareApplication WebPage WebSite,False,False,False,30,False,130,266,0,True,100,80,100,
/camera-connectivity,Camera Connectivity | Connect Any Camera | Camzify,50,135,1,Camera connectivity,6,362,5,BreadcrumbList FAQPage LocalBusiness Organization SoftwareApplication WebPage WebSite,False,False,False,43,False,135,226,0,True,88,80,100,thin:362w lede-not-definition
/camera-connectivity/hls-setup,HLS Camera Setup | Connect HLS Stream to Camzify | Camzify,58,92,1,HLS camera setup,7,356,4,BreadcrumbList FAQPage LocalBusiness Organization SoftwareApplication WebPage WebSite,False,False,False,32,True,133,4,0,True,88,100,100,thin:356w
/camera-connectivity/https-setup,HTTPS Camera Setup | HLS and WebRTC Streams | Camzify,53,153,1,HTTPS camera setup,5,651,4,BreadcrumbList FAQPage LocalBusiness Organization SoftwareApplication WebPage WebSite,False,False,False,49,True,137,9,0,True,100,100,100,
/camera-connectivity/rtmp-setup,RTMP Camera Setup | Stream to Camzify via RTMP | Camzify,56,123,1,RTMP camera setup,8,463,4,BreadcrumbList FAQPage LocalBusiness Organization SoftwareApplication WebPage WebSite,False,False,False,59,True,131,8,0,True,88,100,100,thin:463w
/camera-connectivity/rtsp-setup,RTSP Camera Setup | Connect RTSP Camera to Cloud | Camzify,58,152,1,RTSP camera setup,9,611,3,BreadcrumbList FAQPage LocalBusiness Organization SoftwareApplication WebPage WebSite,False,False,False,37,True,132,17,0,True,100,100,100,
/camera-connectivity/webrtc-setup,WebRTC Camera Setup | Low-Latency Streaming | Camzify,53,116,1,WebRTC camera setup,7,302,4,BreadcrumbList FAQPage LocalBusiness Organization SoftwareApplication WebPage WebSite,False,False,False,29,True,133,4,0,True,88,100,100,thin:302w
/camzify-connector,Camzify Connector | RTSP Relay Software | Camzify,49,148,1,Camzify Connector,6,533,4,BreadcrumbList FAQPage LocalBusiness Organization SoftwareApplication WebPage WebSite,False,False,False,59,True,134,23,0,True,88,100,100,thin:533w
/cloud-video-surveillance,"Cloud Video Surveillance | Cloud CCTV, No NVR | Camzify",55,144,1,Cloud video surveillance for the cameras you already own,9,1585,9,BreadcrumbList FAQPage LocalBusiness Organization Service SoftwareApplication WebPage WebSite,False,False,False,68,True,149,225,0,True,100,100,100,
/compare,Comparisons | Camzify vs Alternatives | Camzify,47,118,1,Comparisons,17,326,4,BreadcrumbList FAQPage LocalBusiness Organization SoftwareApplication WebPage WebSite,False,False,False,53,False,143,224,0,True,88,80,100,thin:326w lede-not-definition
/compare/ai-video-analytics-vs-motion-detection,AI Video Analytics vs Motion Detection | Compared | Camzify,59,149,1,AI video analytics vs motion detection,10,1663,7,BreadcrumbList FAQPage LocalBusiness Organization SoftwareApplication WebPage WebSite,False,False,False,66,True,133,5,0,True,100,100,100,
/compare/camzify-vs-avigilon-alta,Camzify vs Avigilon Alta | Cloud Video Compared | Camzify,57,144,1,Camzify vs Avigilon Alta,9,1884,5,BreadcrumbList FAQPage LocalBusiness Organization SoftwareApplication WebPage WebSite,False,False,True,83,True,131,4,0,True,100,100,100,
/compare/camzify-vs-coram-ai,Camzify vs Coram AI | Cloud Rounds vs Appliance | Camzify,57,146,1,Camzify vs Coram AI,7,1668,5,BreadcrumbList FAQPage LocalBusiness Organization SoftwareApplication WebPage WebSite,False,False,True,93,True,132,4,0,True,100,80,100,
/compare/camzify-vs-eagle-eye-networks,Camzify vs Eagle Eye Networks | An Alternative? | Camzify,57,147,1,Camzify vs Eagle Eye Networks,8,2067,5,BreadcrumbList FAQPage LocalBusiness Organization SoftwareApplication WebPage WebSite,False,False,True,91,True,132,5,0,True,100,80,100,
/compare/camzify-vs-rhombus,Camzify vs Rhombus | Keep Your Cameras or Replace | Camzify,59,137,1,Camzify vs Rhombus,8,1790,5,BreadcrumbList FAQPage LocalBusiness Organization SoftwareApplication WebPage WebSite,False,False,True,90,True,132,4,0,True,100,100,100,
/compare/camzify-vs-solink,"Camzify vs Solink | Cloud Video, Two Approaches | Camzify",57,146,1,Camzify vs Solink,10,1837,5,BreadcrumbList FAQPage LocalBusiness Organization SoftwareApplication WebPage WebSite,False,False,True,90,True,131,4,0,True,100,100,100,
/compare/camzify-vs-spot-ai,Camzify vs Spot AI | AI Guard vs Patrol Rounds | Camzify,56,146,1,Camzify vs Spot AI,9,1807,5,BreadcrumbList FAQPage LocalBusiness Organization SoftwareApplication WebPage WebSite,False,False,True,99,False,131,4,0,True,100,60,100,lede-not-definition
/compare/camzify-vs-traditional-vms,Camzify vs Traditional VMS | Cloud vs Recorder | Camzify,56,142,1,Camzify vs traditional VMS,11,1662,7,BreadcrumbList FAQPage LocalBusiness Organization SoftwareApplication WebPage WebSite,False,False,False,92,True,133,7,0,True,100,80,100,
/compare/camzify-vs-verkada,Camzify vs Verkada | Keep Your Cameras or Replace | Camzify,59,147,1,Camzify vs Verkada,8,1397,5,BreadcrumbList FAQPage LocalBusiness Organization SoftwareApplication WebPage WebSite,False,False,True,66,True,133,6,0,True,100,100,100,
/compare/cloud-vms-vs-on-premise,Cloud VMS vs On-Premise VMS | Camzify,37,141,1,Cloud VMS vs on-premise VMS,10,1746,8,BreadcrumbList FAQPage LocalBusiness Organization SoftwareApplication WebPage WebSite,False,False,False,85,True,134,20,0,True,100,100,100,
/compare/virtual-patrolling-vs-guard-tour-systems,Virtual Patrolling vs Guard Tour Systems | Camzify,50,150,1,Virtual patrolling vs guard tour systems,10,1678,7,BreadcrumbList FAQPage LocalBusiness Organization SoftwareApplication WebPage WebSite,False,False,False,84,True,131,7,0,True,100,100,100,
/compare/virtual-patrolling-vs-mobile-patrols,Virtual Patrolling vs Mobile Patrols | Camzify,46,158,1,Virtual patrolling vs mobile patrols,6,1102,6,BreadcrumbList FAQPage LocalBusiness Organization SoftwareApplication WebPage WebSite,False,False,False,69,False,132,5,0,True,100,80,100,lede-not-definition
/contact,"Contact Camzify | Quotes, Demos and Support | Camzify",53,107,1,Contact Us,2,105,0,BreadcrumbList LocalBusiness Organization SoftwareApplication WebPage WebSite,False,False,False,25,False,131,15,0,True,100,80,100,
/cookie-policy,Cookie Policy | Camzify,23,124,1,Cookie policy,9,878,5,BreadcrumbList FAQPage LocalBusiness Organization SoftwareApplication WebPage WebSite,False,False,False,50,True,130,266,0,True,100,100,100,
/de,Cloud-VMS mit virtuellem Wächterrundgang | Camzify,50,155,1,Jede Kamera im Blick.Jeder Standort kontrolliert.,17,4165,14,FAQPage LocalBusiness Organization SoftwareApplication WebPage WebSite,False,False,False,40,True,100,266,0,True,100,80,100,
/de/branchen,Branchen | KI-Videoüberwachung nach Branche | Camzify,53,145,1,Branchen,19,308,4,BreadcrumbList FAQPage LocalBusiness Organization Service SoftwareApplication WebPage WebSite,False,False,False,42,True,63,43,0,True,88,100,100,thin:308w
/de/branchen/baustellen,KI-Videoüberwachung für Baustellen | Camzify,44,156,1,"Sicherheitskameras für Baustellen, von KI überwacht",11,1217,6,BreadcrumbList FAQPage LocalBusiness Organization Service SoftwareApplication WebPage WebSite,False,False,False,60,False,56,43,0,True,100,80,100,lede-not-definition
/de/branchen/industrie-und-produktion,KI-Videoüberwachung für Industrie und Produktion | Camzify,58,151,1,KI-Sicherheit für Industrie und Produktion,11,1154,6,BreadcrumbList FAQPage LocalBusiness Organization Service SoftwareApplication WebPage WebSite,False,False,False,58,True,56,43,0,True,100,100,100,
/de/branchen/lager-und-logistik,KI-Videoüberwachung für Lager und Logistik | Camzify,52,157,1,"Sicherheitskameras für Lager, von KI kontrolliert",11,1210,7,BreadcrumbList FAQPage LocalBusiness Organization Service SoftwareApplication WebPage WebSite,False,False,False,64,True,56,43,0,True,100,100,100,
/de/camzify-connector,Camzify Connector | RTSP-Relay-Software | Camzify,49,157,1,Camzify Connector,6,535,4,BreadcrumbList FAQPage LocalBusiness Organization SoftwareApplication WebPage WebSite,False,False,False,55,True,53,43,0,True,88,100,100,thin:535w
/de/cloud-videomanagementsystem,Cloud-Videomanagementsystem für IP-Kameras | Camzify,52,148,1,Cloud-Videomanagementsystem für IP-Kameras,5,379,5,BreadcrumbList FAQPage LocalBusiness Organization Service SoftwareApplication WebPage WebSite,False,False,False,58,False,50,43,0,True,88,80,100,thin:379w lede-not-definition
/de/fuer-installateure,Cloud-VMS für CCTV- und Alarmanlagen-Installateure | Camzify,60,136,1,Wiederkehrende Umsätze statt Einmalinstallation,6,393,4,BreadcrumbList FAQPage LocalBusiness Organization Service SoftwareApplication WebPage WebSite,False,False,False,36,False,50,43,0,True,88,80,100,thin:393w lede-not-definition
/de/fuer-leitstellen,Videofernüberwachung für Leitstellen und NSL | Camzify,54,155,1,Software zur Videofernüberwachung für Leitstellen,8,1583,8,BreadcrumbList FAQPage LocalBusiness Organization SoftwareApplication WebPage WebSite,False,False,False,69,True,55,43,0,True,100,100,100,
/de/fuer-managed-service-provider,Managed Service Provider | Mandantenfähiges VMS | Camzify,57,150,1,Camzify für Managed Service Provider,7,1064,6,BreadcrumbList FAQPage LocalBusiness Organization SoftwareApplication WebPage WebSite,False,False,False,71,False,54,43,0,True,100,80,100,lede-not-definition
/de/fuer-sicherheitsdienste,Virtueller Wächterrundgang für Sicherheitsdienste | Camzify,59,154,1,"Ein virtueller Wächterrundgang, den Sie Ihren Kunden anbieten",6,482,5,BreadcrumbList FAQPage LocalBusiness Organization Service SoftwareApplication WebPage WebSite,False,False,False,40,False,50,43,0,True,88,80,100,thin:482w lede-not-definition
/de/ki-funktionen,KI-Funktionen | 23 Erkennungen für Videoanalyse | Camzify,57,135,1,"Intelligente Videoanalyse, Funktion für Funktion",5,1493,5,BreadcrumbList FAQPage LocalBusiness Organization SoftwareApplication WebPage WebSite,False,False,False,43,False,67,43,0,True,100,80,100,lede-not-definition
/de/ki-funktionen/bereichsueberwachung,Bereichsüberwachung | Gesperrte Bereiche | Camzify,50,157,1,Bereichsüberwachung,9,979,6,BreadcrumbList FAQPage LocalBusiness Organization SoftwareApplication WebPage WebSite,False,False,False,43,False,55,43,0,True,100,80,100,lede-not-definition
/de/ki-funktionen/feuer-und-rauch-erkennung,Feuer- und Raucherkennung mit Sicherheitskameras | Camzify,58,152,1,Feuer- und Raucherkennung,9,1039,6,BreadcrumbList FAQPage LocalBusiness Organization SoftwareApplication WebPage WebSite,False,False,False,29,True,56,43,0,True,100,100,100,
/de/ki-funktionen/individuelle-erkennungen,Individuelle KI-Erkennungen auf Bestellung | Camzify,52,143,1,"Individuelle KI-Erkennungen, auf Bestellung entwickelt",10,945,8,BreadcrumbList FAQPage LocalBusiness Organization SoftwareApplication WebPage WebSite,False,False,False,42,False,51,43,0,True,100,80,100,lede-not-definition
/de/ki-funktionen/linienueberschreitung,Linienüberschreitung | Virtueller Stolperdraht | Camzify,56,151,1,Linienüberschreitung,9,959,6,BreadcrumbList FAQPage LocalBusiness Organization SoftwareApplication WebPage WebSite,False,False,False,46,True,56,43,0,True,100,100,100,
/de/ki-funktionen/psa-erkennung,"PSA-Erkennung | Helme, Warnwesten, Handschuhe | Camzify",55,151,1,PSA-Erkennung,9,1008,6,BreadcrumbList FAQPage LocalBusiness Organization SoftwareApplication WebPage WebSite,False,False,False,29,True,56,43,0,True,100,100,100,
/de/ki-funktionen/sabotageerkennung,Erkennung von Kamerasabotage | Fünf Modi | Camzify,50,149,1,Erkennung von Kamerasabotage,9,947,6,BreadcrumbList FAQPage LocalBusiness Organization SoftwareApplication WebPage WebSite,False,False,False,44,True,52,43,0,True,100,100,100,
/de/ki-funktionen/verweilerkennung,Verweilerkennung | Alarm nach Verweildauer | Camzify,52,158,1,Verweilerkennung,9,1158,6,BreadcrumbList FAQPage LocalBusiness Organization SoftwareApplication WebPage WebSite,False,False,False,58,True,56,43,0,True,100,100,100,
/de/ki-videoanalyse,KI-Videoanalyse auf vorhandenen Kameras | Camzify,49,158,1,"KI-Videoanalyse auf den Kameras, die Sie bereits haben",5,355,4,BreadcrumbList FAQPage LocalBusiness Organization Service SoftwareApplication WebPage WebSite,False,False,False,44,True,50,43,0,True,88,100,100,thin:355w
/de/ki-waechterrundgang,KI-gestützter Wächterrundgang auf Ihren Kameras | Camzify,57,153,1,KI-gestützter Wächterrundgang,10,1434,8,BreadcrumbList FAQPage LocalBusiness Organization SoftwareApplication WebPage WebSite,False,False,False,81,False,59,43,0,True,100,80,100,lede-not-definition
/de/ki-waechterrundgang/automatische-planung,Automatische Planung von Kontrollgängen | Camzify,49,151,1,Automatische Planung von Kontrollgängen,10,1581,9,BreadcrumbList FAQPage LocalBusiness Organization SoftwareApplication WebPage WebSite,False,False,False,34,True,52,43,0,True,100,100,100,
/de/ki-waechterrundgang/benachrichtigungen,Automatische Benachrichtigung der Wachperson | Camzify,54,153,1,Benachrichtigung der Wachperson,8,959,7,BreadcrumbList FAQPage LocalBusiness Organization SoftwareApplication WebPage WebSite,False,False,False,43,True,51,43,0,True,100,100,100,
/de/ki-waechterrundgang/checklisten,Checklisten für Kontrollgänge je Kamera | Camzify,49,152,1,Checklisten für Kontrollgänge,9,979,5,BreadcrumbList FAQPage LocalBusiness Organization SoftwareApplication WebPage WebSite,False,False,False,95,True,53,43,0,True,100,80,100,
/de/ki-waechterrundgang/digitales-wachbuch,Digitales Wachbuch: Nachweis jedes Rundgangs | Camzify,54,154,1,Digitales Wachbuch für Kontrollgänge,8,768,5,BreadcrumbList FAQPage LocalBusiness Organization SoftwareApplication WebPage WebSite,False,False,False,43,False,52,43,0,True,100,80,100,lede-not-definition
/de/ki-waechterrundgang/kontrollprotokolle,Kontrollprotokolle als PDF mit Kamerabildern | Camzify,54,153,1,Kontrollprotokolle für jeden Rundgang,8,1014,8,BreadcrumbList FAQPage LocalBusiness Organization SoftwareApplication WebPage WebSite,False,False,False,67,True,54,43,0,True,100,100,100,
/de/ki-waechterrundgang/risikoerkennung,KI-Risikoerkennung beim Kontrollgang | Camzify,46,155,1,KI-Risikoerkennung beim Kontrollgang,8,1275,6,BreadcrumbList FAQPage LocalBusiness Organization SoftwareApplication WebPage WebSite,False,False,False,39,False,52,43,0,True,100,80,100,lede-not-definition
/de/ki-waechterrundgang/so-funktioniert-es,So funktioniert der KI-Wächterrundgang | Camzify,48,154,1,So funktioniert der KI-gestützte Wächterrundgang,10,738,6,BreadcrumbList FAQPage HowTo LocalBusiness Organization SoftwareApplication WebPage WebSite,False,False,False,40,False,52,43,0,True,100,80,100,lede-not-definition
/de/ki-waechterrundgang/vergleich-wachpersonal,KI-Wächterrundgang im Vergleich zu Wachpersonal | Camzify,57,158,1,KI-Wächterrundgang oder Wachpersonal?,7,743,6,BreadcrumbList FAQPage LocalBusiness Organization SoftwareApplication WebPage WebSite,False,False,False,40,False,51,43,0,True,100,80,100,lede-not-definition
/de/partner,Partner | Reseller und Integrationspartner | Camzify,52,156,1,Partner,8,396,4,BreadcrumbList FAQPage LocalBusiness Organization SoftwareApplication WebPage WebSite,False,False,False,46,False,50,43,0,True,88,80,100,thin:396w lede-not-definition
/de/plattform,Cloud-VMS-Plattform | Videomanagement-Software | Camzify,56,149,1,Ein Cloud-VMS mit einer Konsole für den gesamten Videobetrieb,9,1058,6,BreadcrumbList FAQPage LocalBusiness Organization SoftwareApplication WebPage WebSite,False,False,False,50,True,59,43,0,True,100,100,100,
/de/plattform/alarme-und-benachrichtigungen,Alarmmanagement | Alarme und Benachrichtigungen | Camzify,57,158,1,Verwaltung von Sicherheitsalarmen,6,716,5,BreadcrumbList FAQPage LocalBusiness Organization SoftwareApplication WebPage WebSite,False,False,False,64,False,52,43,0,True,100,80,100,lede-not-definition
/de/plattform/benutzerverwaltung,Benutzerverwaltung für Sicherheitssysteme | Camzify,51,152,1,Benutzerverwaltung für Sicherheitssysteme,6,977,10,BreadcrumbList FAQPage LocalBusiness Organization SoftwareApplication WebPage WebSite,False,False,False,47,False,53,43,0,True,100,80,100,lede-not-definition
/de/plattform/bereitstellung,"Bereitstellung: Cloud, On-Premises, Hybrid | Camzify",52,150,1,"Cloud, vor Ort oder eine Mischung aus beidem",9,713,7,BreadcrumbList FAQPage LocalBusiness Organization SoftwareApplication WebPage WebSite,False,False,False,43,False,50,43,0,True,100,80,100,lede-not-definition
/de/plattform/live-streaming,Live-Streaming | Mehrere Kameras live ansehen | Camzify,55,155,1,Live-Streaming von Kameras,6,839,7,BreadcrumbList FAQPage LocalBusiness Organization SoftwareApplication WebPage WebSite,False,False,False,67,False,53,43,0,True,100,80,100,lede-not-definition
/de/plattform/mehrere-standorte,Videoüberwachung für mehrere Standorte | Camzify,48,135,1,Videoüberwachung für mehrere Standorte,6,739,5,BreadcrumbList FAQPage LocalBusiness Organization SoftwareApplication WebPage WebSite,False,False,False,73,False,51,43,0,True,100,80,100,lede-not-definition
/de/plattform/videospeicherung,"Cloud-Videoaufzeichnung, Backup und Aufbewahrung | Camzify",58,146,1,Cloud-Backup und Aufbewahrung von Videoaufnahmen,7,1271,10,BreadcrumbList FAQPage LocalBusiness Organization SoftwareApplication WebPage WebSite,False,False,False,61,True,60,43,0,True,100,100,100,
/de/preise,Preise: ab 5 US-Dollar pro Kamera und Monat | Camzify,53,150,1,"Sie zahlen pro Instanz und Monat – für das, was Sie aktivieren",7,1537,9,BreadcrumbList FAQPage LocalBusiness Organization SoftwareApplication WebPage WebSite,False,False,False,59,False,52,43,0,True,100,80,100,lede-not-definition
/de/reseller-werden,Reseller werden | KI-Wächterrundgang verkaufen | Camzify,56,144,1,Camzify-Reseller werden,7,1104,7,BreadcrumbList FAQPage LocalBusiness Organization SoftwareApplication WebPage WebSite,False,False,False,67,False,53,43,0,True,100,80,100,lede-not-definition
/de/sicherheit-und-datenschutz,"Sicherheit und Datenschutz: DSGVO, Speicherung | Camzify",56,155,1,Sicherheit und Datenschutz,7,592,5,BreadcrumbList FAQPage LocalBusiness Organization SoftwareApplication WebPage WebSite,False,False,False,36,True,52,43,0,True,88,100,100,thin:592w
/de/unterstuetzte-kameras,Unterstützte Kameras: ONVIF- und RTSP-Hersteller | Camzify,58,153,1,Unterstützte Kameras,7,897,5,BreadcrumbList FAQPage LocalBusiness Organization SoftwareApplication WebPage WebSite,False,False,False,60,True,56,43,0,True,100,100,100,
/de/virtueller-waechterrundgang,Virtueller Wächterrundgang: Definition und Ablauf | Camzify,59,153,1,Virtueller Wächterrundgang: Sicherheit über die vorhandenen Kameras,6,517,5,BreadcrumbList FAQPage LocalBusiness Organization Service SoftwareApplication WebPage WebSite,False,False,False,46,True,50,43,0,True,88,100,100,thin:517w
/faqs,FAQs | Frequently Asked Questions | Camzify,43,117,1,Frequently asked questions,2,760,12,BreadcrumbList FAQPage LocalBusiness Organization SoftwareApplication WebPage WebSite,False,False,False,52,True,130,225,0,True,88,80,100,
/free-trial,Free Trial | Try Camzify Virtual Patrolling | Camzify,53,108,1,Start your free trial,1,109,0,BreadcrumbList LocalBusiness Organization SoftwareApplication WebPage WebSite,False,False,False,23,False,131,1,0,True,88,80,100,inbound:1
/glossary,Security Video Glossary | Terms Defined | Camzify,49,145,1,"Security video terms, defined",40,1487,3,BreadcrumbList FAQPage LocalBusiness Organization SoftwareApplication WebPage WebSite,False,False,False,32,False,167,224,0,True,100,80,100,lede-not-definition
/glossary/alarm-receiving-centre,What Is an ARC? | Alarm Receiving Centre | Camzify,50,129,1,Alarm receiving centre(ARC),5,374,2,BreadcrumbList DefinedTerm FAQPage LocalBusiness Organization SoftwareApplication WebPage WebSite,False,False,False,49,True,137,13,0,True,100,100,100,
/glossary/bs-7858,What Is BS 7858? | Security Screening | Camzify,47,109,1,BS 7858,5,316,2,BreadcrumbList DefinedTerm FAQPage LocalBusiness Organization SoftwareApplication WebPage WebSite,False,False,False,45,True,137,6,0,True,100,100,100,
/glossary/camera-tampering,"Camera Tampering, Defined | Video Glossary | Camzify",52,147,1,Camera tampering,5,306,2,BreadcrumbList DefinedTerm FAQPage LocalBusiness Organization SoftwareApplication WebPage WebSite,False,False,False,55,True,137,6,0,True,100,100,100,
/glossary/cctv,What Is CCTV? | Closed-Circuit Television | Camzify,51,135,1,Closed-circuit television(CCTV),5,405,2,BreadcrumbList DefinedTerm FAQPage LocalBusiness Organization SoftwareApplication WebPage WebSite,False,False,False,62,True,138,11,0,True,100,100,100,
/glossary/central-monitoring-station,"Central Monitoring Station, Defined | Glossary | Camzify",56,133,1,Central monitoring station,5,320,2,BreadcrumbList DefinedTerm FAQPage LocalBusiness Organization SoftwareApplication WebPage WebSite,False,False,False,49,True,138,9,0,True,100,100,100,
/glossary/cloud-video-backup,What Is Cloud Video Backup? | Video Glossary | Camzify,54,149,1,Cloud video backup,5,310,2,BreadcrumbList DefinedTerm FAQPage LocalBusiness Organization SoftwareApplication WebPage WebSite,False,False,False,54,True,138,5,0,True,100,100,100,
/glossary/cloud-video-surveillance,"Cloud Video Surveillance, Defined | Glossary | Camzify",54,145,1,Cloud video surveillance,5,357,2,BreadcrumbList DefinedTerm FAQPage LocalBusiness Organization SoftwareApplication WebPage WebSite,False,False,False,48,True,139,7,0,True,100,100,100,
/glossary/cloud-vms,What Is a Cloud VMS? | Cloud Video Management | Camzify,55,137,1,Cloud VMS,5,332,2,BreadcrumbList DefinedTerm FAQPage LocalBusiness Organization SoftwareApplication WebPage WebSite,False,False,False,52,True,139,12,0,True,100,100,100,
/glossary/false-alarm,What Is a False Alarm? | Glossary | Camzify,43,150,1,False alarm,5,342,2,BreadcrumbList DefinedTerm FAQPage LocalBusiness Organization SoftwareApplication WebPage WebSite,False,False,False,59,True,139,11,0,True,100,100,100,
/glossary/guard-tour-system,What Is a Guard Tour System? | Glossary | Camzify,49,138,1,Guard tour system,5,317,2,BreadcrumbList DefinedTerm FAQPage LocalBusiness Organization SoftwareApplication WebPage WebSite,False,False,False,51,True,139,6,0,True,100,100,100,
/glossary/intrusion-detection,What Is Intrusion Detection? | Video Glossary | Camzify,55,142,1,Intrusion detection,5,327,2,BreadcrumbList DefinedTerm FAQPage LocalBusiness Organization SoftwareApplication WebPage WebSite,False,False,False,54,True,137,9,0,True,100,100,100,
/glossary/ip-camera,What Is an IP Camera? | Video Glossary | Camzify,48,148,1,IP camera,5,291,2,BreadcrumbList DefinedTerm FAQPage LocalBusiness Organization SoftwareApplication WebPage WebSite,False,False,False,56,True,139,13,0,True,100,100,80,
/glossary/line-crossing-detection,Line Crossing Detection (Tripwire) | Glossary | Camzify,55,149,1,Line crossing detection,5,298,2,BreadcrumbList DefinedTerm FAQPage LocalBusiness Organization SoftwareApplication WebPage WebSite,False,False,False,53,True,137,8,0,True,100,100,80,
/glossary/loitering-detection,"Loitering Detection, Defined | Glossary | Camzify",49,150,1,Loitering detection,5,286,2,BreadcrumbList DefinedTerm FAQPage LocalBusiness Organization SoftwareApplication WebPage WebSite,False,False,False,44,True,137,7,0,True,100,100,80,
/glossary/motion-detection,"Motion Detection, Defined | Video Glossary | Camzify",52,150,1,Motion detection,5,274,2,BreadcrumbList DefinedTerm FAQPage LocalBusiness Organization SoftwareApplication WebPage WebSite,False,False,False,50,True,139,8,0,True,100,100,80,
/glossary/multi-object-tracking,"Multi-Object Tracking, Defined | Video Glossary | Camzify",57,148,1,Multi-object tracking,5,293,2,BreadcrumbList DefinedTerm FAQPage LocalBusiness Organization SoftwareApplication WebPage WebSite,False,False,False,57,True,137,8,0,True,100,100,80,
/glossary/network-video-recorder,What Is an NVR? | Network Video Recorder | Camzify,50,149,1,Network video recorder(NVR),5,417,2,BreadcrumbList DefinedTerm FAQPage LocalBusiness Organization SoftwareApplication WebPage WebSite,False,False,False,56,True,139,12,0,True,100,100,100,
/glossary/nsi,What Is NSI? | National Security Inspectorate | Camzify,55,115,1,National Security Inspectorate(NSI),5,301,2,BreadcrumbList DefinedTerm FAQPage LocalBusiness Organization SoftwareApplication WebPage WebSite,False,False,False,39,True,137,18,0,True,100,100,100,
/glossary/onvif,What Is ONVIF? | Camera Standard Glossary | Camzify,51,148,1,ONVIF,5,277,2,BreadcrumbList DefinedTerm FAQPage LocalBusiness Organization SoftwareApplication WebPage WebSite,False,False,False,50,True,138,10,0,True,100,100,80,
/glossary/perimeter-security,"Perimeter Security, Defined | Video Glossary | Camzify",54,146,1,Perimeter security,5,310,2,BreadcrumbList DefinedTerm FAQPage LocalBusiness Organization SoftwareApplication WebPage WebSite,False,False,False,58,True,137,7,0,True,100,100,100,
/glossary/power-over-ethernet,What Is PoE? | Power over Ethernet Glossary | Camzify,53,139,1,Power over Ethernet(PoE),5,294,2,BreadcrumbList DefinedTerm FAQPage LocalBusiness Organization SoftwareApplication WebPage WebSite,False,False,False,50,True,138,6,0,True,100,100,80,
/glossary/ptz-camera,What Is a PTZ Camera? | Video Glossary | Camzify,48,138,1,PTZ camera(PTZ),5,309,2,BreadcrumbList DefinedTerm FAQPage LocalBusiness Organization SoftwareApplication WebPage WebSite,False,False,False,55,True,138,5,0,True,100,100,100,
/glossary/remote-guarding,"Remote Guarding, Defined | Glossary | Camzify",45,148,1,Remote guarding,5,311,2,BreadcrumbList DefinedTerm FAQPage LocalBusiness Organization SoftwareApplication WebPage WebSite,False,False,False,55,True,138,5,0,True,100,100,100,
/glossary/remote-video-monitoring,"Remote Video Monitoring, Defined | Glossary | Camzify",53,136,1,Remote video monitoring(RVM),5,364,2,BreadcrumbList DefinedTerm FAQPage LocalBusiness Organization SoftwareApplication WebPage WebSite,False,False,False,52,True,137,4,0,True,100,100,100,
/glossary/remote-video-response,What Is RVR? | Remote Video Response | Camzify,46,138,1,Remote video response(RVR),5,374,2,BreadcrumbList DefinedTerm FAQPage LocalBusiness Organization SoftwareApplication WebPage WebSite,False,False,False,49,True,137,8,0,True,100,100,100,
/glossary/rtsp,What Is RTSP? | Camera Streaming Glossary | Camzify,51,148,1,RTSP,5,292,2,BreadcrumbList DefinedTerm FAQPage LocalBusiness Organization SoftwareApplication WebPage WebSite,False,False,False,49,True,140,11,0,True,100,100,80,
/glossary/security-operations-center,What Is a Security Operations Center? | SOC | Camzify,53,141,1,Security operations center(SOC),5,319,2,BreadcrumbList DefinedTerm FAQPage LocalBusiness Organization SoftwareApplication WebPage WebSite,False,False,False,52,True,137,6,0,True,100,100,100,
/glossary/sia-licence,What Is an SIA Licence? | UK Security | Camzify,47,117,1,SIA licence,5,309,2,BreadcrumbList DefinedTerm FAQPage LocalBusiness Organization SoftwareApplication WebPage WebSite,False,False,False,54,True,137,7,0,True,100,100,100,
/glossary/ssaib,What Is SSAIB? | UK Security Certification | Camzify,52,132,1,Security Systems and Alarms Inspection Board(SSAIB),5,289,2,BreadcrumbList DefinedTerm FAQPage LocalBusiness Organization SoftwareApplication WebPage WebSite,False,False,False,48,True,137,6,0,True,100,100,80,
/glossary/tailgating,What Is Tailgating? | Access Security Glossary | Camzify,56,139,1,Tailgating,5,293,2,BreadcrumbList DefinedTerm FAQPage LocalBusiness Organization SoftwareApplication WebPage WebSite,False,False,False,49,True,137,6,0,True,100,100,80,
/glossary/video-management-system,What Is a VMS? | Video Management System | Camzify,50,147,1,Video management system(VMS),5,333,2,BreadcrumbList DefinedTerm FAQPage LocalBusiness Organization SoftwareApplication WebPage WebSite,False,False,False,51,True,140,14,0,True,100,100,100,
/glossary/video-retention,What Is Video Retention? | Video Glossary | Camzify,51,142,1,Video retention,5,337,2,BreadcrumbList DefinedTerm FAQPage LocalBusiness Organization SoftwareApplication WebPage WebSite,False,False,False,60,True,139,4,0,True,100,100,100,
/glossary/video-surveillance-as-a-service,What Is VSaaS? | Video Surveillance as a Service | Camzify,58,141,1,Video surveillance as a service(VSaaS),5,385,2,BreadcrumbList DefinedTerm FAQPage LocalBusiness Organization SoftwareApplication WebPage WebSite,False,False,False,53,True,138,5,0,True,100,100,100,
/glossary/video-verification,What Is Video Verification? | Glossary | Camzify,48,149,1,Video verification,5,306,2,BreadcrumbList DefinedTerm FAQPage LocalBusiness Organization SoftwareApplication WebPage WebSite,False,False,False,48,True,138,6,0,True,100,100,100,
/glossary/virtual-guard,What Is a Virtual Guard? | Glossary | Camzify,45,142,1,Virtual guard,5,323,2,BreadcrumbList DefinedTerm FAQPage LocalBusiness Organization SoftwareApplication WebPage WebSite,False,False,False,49,True,137,5,0,True,100,100,100,
/glossary/virtual-patrolling,What Is Virtual Patrolling? | Glossary | Camzify,48,147,1,Virtual patrolling,5,351,2,BreadcrumbList DefinedTerm FAQPage LocalBusiness Organization SoftwareApplication WebPage WebSite,False,False,False,51,True,138,7,0,True,100,100,100,
/glossary/zone-intrusion-detection,"Zone Intrusion Detection, Defined | Glossary | Camzify",54,132,1,Zone intrusion detection,5,304,2,BreadcrumbList DefinedTerm FAQPage LocalBusiness Organization SoftwareApplication WebPage WebSite,False,False,False,51,True,137,7,0,True,100,100,100,
/guides,Guides | Security & Video Analytics Resources | Camzify,55,115,1,Guides,36,531,4,BreadcrumbList FAQPage LocalBusiness Organization SoftwareApplication WebPage WebSite,False,False,False,48,False,164,225,0,True,88,80,100,thin:531w lede-not-definition
/guides/adding-remote-patrols-to-alarm-monitoring,Adding Remote Patrols to Alarm Monitoring | Camzify,51,157,1,Adding remote patrols to alarm monitoring,11,1029,6,Article BreadcrumbList FAQPage LocalBusiness Organization Person SoftwareApplication WebPage WebSite,True,True,False,83,False,137,5,0,True,100,80,100,lede-not-definition
/guides/ai-video-analytics-cost,AI Video Analytics Cost | Pricing Guide | Camzify,49,149,1,AI video analytics cost,10,2040,7,Article BreadcrumbList FAQPage LocalBusiness Organization Person SoftwareApplication WebPage WebSite,True,True,False,72,True,138,7,0,True,100,100,100,
/guides/best-cloud-vms,Best Cloud VMS | 8 Platforms Compared | Camzify,47,149,1,"The best cloud VMS platforms, compared on what their own pages say",16,3756,6,Article BreadcrumbList FAQPage LocalBusiness Organization Person SoftwareApplication WebPage WebSite,True,True,True,70,False,144,5,0,True,100,80,100,lede-not-definition
/guides/cloud-vms-bandwidth-requirements,Cloud VMS Bandwidth | What Cameras Need | Camzify,49,150,1,Cloud VMS bandwidth requirements: what your cameras will send,10,1998,6,Article BreadcrumbList FAQPage LocalBusiness Organization Person SoftwareApplication WebPage WebSite,True,True,False,102,True,140,15,0,True,100,80,100,
/guides/cloud-vms-cost,Cloud VMS Cost | What Drives the Price | Camzify,48,149,1,Cloud VMS cost: what actually drives the price,10,2364,7,Article BreadcrumbList FAQPage LocalBusiness Organization Person SoftwareApplication WebPage WebSite,True,True,False,96,True,137,11,0,True,100,80,100,
/guides/cloud-vms-for-multiple-sites,Cloud VMS for Multiple Sites | One Console | Camzify,52,144,1,Cloud VMS for multiple sites: every location on one console,13,1994,6,Article BreadcrumbList FAQPage LocalBusiness Organization Person SoftwareApplication WebPage WebSite,True,True,False,66,False,136,5,0,True,100,80,100,lede-not-definition
/guides/cloud-vms-for-security-agencies,Cloud VMS for Security Agencies | Guide | Camzify,49,147,1,Cloud VMS for security agencies: a service on the cameras your clients already own,11,2190,6,Article BreadcrumbList FAQPage LocalBusiness Organization Person SoftwareApplication WebPage WebSite,True,True,False,105,False,136,4,0,True,100,60,100,lede-not-definition
/guides/construction-site-security-checklist,Construction Site Security Checklist | Daily | Camzify,54,148,1,Construction site security checklist: what to check every day,12,1991,6,Article BreadcrumbList FAQPage LocalBusiness Organization Person SoftwareApplication WebPage WebSite,True,True,False,62,True,135,5,0,True,100,100,100,
/guides/guard-tour-systems-explained,Guard Tour Systems Explained | Camzify,38,139,1,Guard tour systems explained,10,1965,7,Article BreadcrumbList FAQPage LocalBusiness Organization Person SoftwareApplication WebPage WebSite,True,True,False,62,True,136,6,0,True,100,100,100,
/guides/how-to-choose-video-analytics-software,How to Choose Video Analytics Software | Guide | Camzify,56,147,1,How to choose video analytics software,15,1978,7,Article BreadcrumbList FAQPage LocalBusiness Organization Person SoftwareApplication WebPage WebSite,True,True,False,81,True,140,8,0,True,100,100,100,
/guides/how-to-configure-cloud-video-backup,How to Configure Cloud Video Backup | Camzify,45,142,1,How to configure cloud video backup,8,751,4,Article BreadcrumbList FAQPage HowTo LocalBusiness Organization Person SoftwareApplication WebPage WebSite,True,True,False,48,True,134,8,0,True,100,100,100,
/guides/how-to-manage-security-alerts,How to Manage Security Camera Alerts | Camzify,46,144,1,How to manage security camera alerts,8,707,4,Article BreadcrumbList FAQPage HowTo LocalBusiness Organization Person SoftwareApplication WebPage WebSite,True,True,False,46,False,134,7,0,True,100,80,100,lede-not-definition
/guides/how-to-manage-sub-users-and-quotas,How to Manage Sub-Users and Quotas | Camzify,44,142,1,How to manage sub-users and quotas,8,705,4,Article BreadcrumbList FAQPage HowTo LocalBusiness Organization Person SoftwareApplication WebPage WebSite,True,True,False,46,False,134,8,0,True,100,80,100,lede-not-definition
/guides/how-to-monitor-live-camera-feeds,How to Monitor Live Camera Feeds | Camzify,42,143,1,How to monitor live camera feeds,7,623,4,Article BreadcrumbList FAQPage HowTo LocalBusiness Organization Person SoftwareApplication WebPage WebSite,True,True,False,43,True,134,5,0,True,100,100,100,
/guides/how-to-reduce-false-alarms,How to Reduce False Alarms | Security Camera Guide | Camzify,60,131,1,How to reduce false alarms from security cameras,9,548,4,Article BreadcrumbList FAQPage LocalBusiness Organization Person SoftwareApplication WebPage WebSite,True,True,False,43,True,135,12,0,True,88,100,100,thin:548w
/guides/how-to-run-a-virtual-patrol-round,How to Run a Virtual Patrol Round | Camzify,43,156,1,How to run a virtual patrol round,10,942,5,Article BreadcrumbList FAQPage HowTo LocalBusiness Organization Person SoftwareApplication WebPage WebSite,True,True,False,52,True,132,17,0,True,100,100,100,
/guides/how-to-sell-virtual-patrolling-to-clients,How to Sell Virtual Patrolling to Your Clients | Camzify,56,152,1,How to sell virtual patrolling to your clients,11,1208,6,Article BreadcrumbList FAQPage LocalBusiness Organization Person SoftwareApplication WebPage WebSite,True,True,False,70,False,136,8,0,True,100,80,100,lede-not-definition
/guides/how-to-set-up-sites-and-cameras,How to Add Sites and Cameras | Setup Guide | Camzify,52,140,1,How to add sites and cameras,8,734,4,Article BreadcrumbList FAQPage HowTo LocalBusiness Organization Person SoftwareApplication WebPage WebSite,True,True,False,40,False,136,5,0,True,100,80,100,lede-not-definition
/guides/hybrid-cloud-video-surveillance,Hybrid Cloud Video Surveillance | Keep the NVR | Camzify,56,149,1,"Hybrid cloud video surveillance: keep the recorder, add the cloud",10,2158,6,Article BreadcrumbList FAQPage LocalBusiness Organization Person SoftwareApplication WebPage WebSite,True,True,False,62,True,138,8,0,True,100,100,100,
/guides/onvif-and-rtsp-explained,What Is RTSP? ONVIF Protocol Explained | Camzify,48,122,1,ONVIF and RTSP explained,9,564,4,Article BreadcrumbList FAQPage LocalBusiness Organization Person SoftwareApplication WebPage WebSite,True,True,False,49,True,141,18,0,True,88,100,100,thin:564w
/guides/remote-guarding-cost,Remote Guarding & Video Monitoring Cost | Guide | Camzify,57,125,1,Remote guarding cost,8,636,5,Article BreadcrumbList FAQPage LocalBusiness Organization Person SoftwareApplication WebPage WebSite,True,True,False,57,True,135,5,0,True,100,100,100,
/guides/security-audit-checklist,Security Audit Checklist | Site Assessment | Camzify,52,134,1,Security audit checklist,12,2056,7,Article BreadcrumbList FAQPage LocalBusiness Organization Person SoftwareApplication WebPage WebSite,True,True,False,67,True,136,8,0,True,100,100,100,
/guides/security-guard-cost-per-hour,Security Guard Cost Per Hour | Rates & True Cost | Camzify,58,133,1,Security guard cost per hour,8,797,4,Article BreadcrumbList FAQPage LocalBusiness Organization Person SoftwareApplication WebPage WebSite,True,True,False,62,True,135,14,0,True,100,100,100,
/guides/using-existing-cameras-with-a-cloud-vms,Existing Cameras on a Cloud VMS | Guide | Camzify,49,142,1,Using your existing cameras with a cloud VMS,10,2061,6,Article BreadcrumbList FAQPage LocalBusiness Organization Person SoftwareApplication WebPage WebSite,True,True,False,102,False,138,12,0,True,100,60,100,lede-not-definition
/guides/video-retention-requirements,Video Retention Requirements | Storage Guide | Camzify,54,136,1,Video retention requirements,8,756,4,Article BreadcrumbList FAQPage LocalBusiness Organization Person SoftwareApplication WebPage WebSite,True,True,False,40,True,135,13,0,True,100,100,100,
/guides/virtual-patrolling-cost,Virtual Patrolling Cost | Pricing Guide | Camzify,49,129,1,Virtual patrolling cost,8,605,4,Article BreadcrumbList FAQPage LocalBusiness Organization Person SoftwareApplication WebPage WebSite,True,True,False,47,True,136,6,0,True,100,100,100,
/guides/what-goes-in-a-remote-patrol-proposal,What Goes in a Remote Patrol Proposal | Camzify,47,153,1,What goes in a remote patrol proposal,12,1044,6,Article BreadcrumbList FAQPage LocalBusiness Organization Person SoftwareApplication WebPage WebSite,True,True,False,75,True,134,6,0,True,100,100,100,
/guides/what-is-a-cloud-nvr,Cloud NVR Explained | An NVR Alternative | Camzify,50,133,1,Cloud NVR explained: recording without a recorder,10,1864,6,Article BreadcrumbList FAQPage LocalBusiness Organization Person SoftwareApplication WebPage WebSite,True,True,False,56,True,139,11,0,True,100,100,100,
/guides/what-is-a-cloud-vms,What Is a Cloud VMS? | Video Management | Camzify,49,145,1,What is a cloud VMS?,9,1875,6,Article BreadcrumbList FAQPage LocalBusiness Organization Person SoftwareApplication WebPage WebSite,True,True,False,65,True,142,16,0,True,100,100,100,
/guides/what-is-a-video-management-system,What Is a VMS? | Video Management System Guide | Camzify,56,146,1,What is a video management system (VMS)?,10,2139,6,Article BreadcrumbList FAQPage LocalBusiness Organization Person SoftwareApplication WebPage WebSite,True,True,False,67,True,141,6,0,True,100,100,100,
/guides/what-is-intelligent-video-analytics,What Is Intelligent Video Analytics? | Guide | Camzify,54,147,1,What is intelligent video analytics?,11,1569,6,Article BreadcrumbList FAQPage LocalBusiness Organization Person SoftwareApplication WebPage WebSite,True,True,False,80,True,140,6,0,True,100,100,100,
/guides/what-is-virtual-patrolling,What Is Virtual Patrolling? | Guide | Camzify,45,148,1,What is virtual patrolling?,8,656,4,Article BreadcrumbList FAQPage LocalBusiness Organization Person SoftwareApplication WebPage WebSite,True,True,False,63,True,135,13,0,True,100,100,100,
/guides/what-is-vsaas,What Is VSaaS? | Video Surveillance as a Service | Camzify,58,150,1,"What is VSaaS? Video surveillance as a service, explained",11,1954,6,Article BreadcrumbList FAQPage LocalBusiness Organization Person SoftwareApplication WebPage WebSite,True,True,False,61,True,138,5,0,True,100,100,100,
/industries,Industries | AI Video Surveillance by Sector | Camzify,54,141,1,Industries,19,263,4,BreadcrumbList FAQPage LocalBusiness Organization Service SoftwareApplication WebPage WebSite,False,False,False,35,True,131,225,0,True,88,100,80,thin:263w
/industries/automotive,Auto Repair Shop & Dealership Security Cameras | Camzify,56,138,1,"Security cameras for auto repair shops and dealerships, patrolled by AI",11,1551,6,BreadcrumbList FAQPage LocalBusiness Organization Service SoftwareApplication WebPage WebSite,False,False,False,60,False,132,226,0,True,100,80,100,lede-not-definition
/industries/construction-sites,"Construction Site Security Cameras, Watched by AI | Camzify",59,147,1,"Construction site security cameras, watched by AI",11,1242,6,BreadcrumbList FAQPage LocalBusiness Organization Service SoftwareApplication WebPage WebSite,False,False,False,66,True,132,225,0,True,100,100,100,
/industries/education-facilities,School & Campus Security Cameras | AI Patrols | Camzify,55,153,1,AI security for education facilities,11,1229,7,BreadcrumbList FAQPage LocalBusiness Organization Service SoftwareApplication WebPage WebSite,False,False,False,65,False,130,226,0,True,100,80,100,lede-not-definition
/industries/energy,"Solar Farm, Substation & Utility Security | AI | Camzify",56,139,1,AI security for energy,11,1266,7,BreadcrumbList FAQPage LocalBusiness Organization Service SoftwareApplication WebPage WebSite,False,False,False,62,False,130,231,0,True,100,80,100,lede-not-definition
/industries/financial-services,Bank & Branch Security Cameras | AI Patrols | Camzify,53,151,1,AI security for financial services,11,1150,6,BreadcrumbList FAQPage LocalBusiness Organization Service SoftwareApplication WebPage WebSite,False,False,False,63,True,130,227,0,True,100,100,100,
/industries/healthcare,Hospital & Healthcare Security Cameras | AI | Camzify,53,143,1,AI security for healthcare,11,1273,7,BreadcrumbList FAQPage LocalBusiness Organization Service SoftwareApplication WebPage WebSite,False,False,False,73,True,130,228,0,True,100,100,100,
/industries/manufacturing,Manufacturing Plant Security Cameras | AI | Camzify,51,146,1,AI security for manufacturing,11,1180,6,BreadcrumbList FAQPage LocalBusiness Organization Service SoftwareApplication WebPage WebSite,False,False,False,61,True,131,225,0,True,100,100,100,
/industries/multiple-sites,Multi-Site Security Cameras | One Console | Camzify,51,147,1,AI security for multiple sites,11,1238,7,BreadcrumbList FAQPage LocalBusiness Organization Service SoftwareApplication WebPage WebSite,False,False,False,59,False,131,226,0,True,100,80,100,lede-not-definition
/industries/property-management,Property Management Security Cameras | AI | Camzify,51,152,1,AI security for property management,11,1178,6,BreadcrumbList FAQPage LocalBusiness Organization Service SoftwareApplication WebPage WebSite,False,False,False,63,True,130,227,0,True,100,100,100,
/industries/remote-sites,Remote Site Security Cameras | AI Patrols | Camzify,51,145,1,AI security for remote sites,11,1207,6,BreadcrumbList FAQPage LocalBusiness Organization Service SoftwareApplication WebPage WebSite,False,False,False,64,False,130,229,0,True,100,80,100,lede-not-definition
/industries/residential,Multifamily & Residential Security Cameras | AI | Camzify,57,144,1,AI security for residential,11,1214,7,BreadcrumbList FAQPage LocalBusiness Organization Service SoftwareApplication WebPage WebSite,False,False,False,63,True,130,226,0,True,100,100,100,
/industries/restaurants,Restaurant & QSR Security Cameras | AI Patrols | Camzify,56,144,1,AI security for restaurants,11,1209,7,BreadcrumbList FAQPage LocalBusiness Organization Service SoftwareApplication WebPage WebSite,False,False,False,66,True,130,226,0,True,100,100,100,
/industries/retail,Retail Store Security Cameras | AI Patrols | Camzify,52,139,1,AI security for retail,11,1251,6,BreadcrumbList FAQPage LocalBusiness Organization Service SoftwareApplication WebPage WebSite,False,False,False,68,False,130,231,0,True,100,80,100,lede-not-definition
/industries/self-storage,Self-Storage Security Cameras | AI Patrols | Camzify,52,145,1,AI security for self-storage,11,1175,6,BreadcrumbList FAQPage LocalBusiness Organization Service SoftwareApplication WebPage WebSite,False,False,False,64,True,130,228,0,True,100,100,100,
/industries/warehouses,Warehouse & Logistics Security Cameras | AI | Camzify,53,146,1,"Warehouse security cameras, patrolled by AI",11,1202,7,BreadcrumbList FAQPage LocalBusiness Organization Service SoftwareApplication WebPage WebSite,False,False,False,66,True,131,225,0,True,100,100,100,
/industries/waste-management,"Waste, Scrap Yard & Recycling Security | AI | Camzify",53,149,1,AI security for waste management,11,1236,7,BreadcrumbList FAQPage LocalBusiness Organization Service SoftwareApplication WebPage WebSite,False,False,False,60,True,130,229,0,True,100,100,100,
/partners,Partners | Reseller & Integration Partners | Camzify,52,117,1,Partners,8,371,4,BreadcrumbList FAQPage LocalBusiness Organization SoftwareApplication WebPage WebSite,False,False,False,46,True,131,225,0,True,88,100,100,thin:371w
/partners/become-a-reseller,Become a Reseller | Sell Virtual Patrolling | Camzify,53,152,1,Become a Camzify reseller,7,1120,7,BreadcrumbList FAQPage LocalBusiness Organization SoftwareApplication WebPage WebSite,False,False,False,61,True,132,225,0,True,100,100,100,
/partners/for-managed-service-providers,For Managed Service Providers | Multi-Tenant VMS | Camzify,58,153,1,Camzify for managed service providers,7,1059,6,BreadcrumbList FAQPage LocalBusiness Organization SoftwareApplication WebPage WebSite,False,False,False,66,False,135,225,0,True,100,80,100,lede-not-definition
/partners/for-monitoring-centers,Remote Video Monitoring Software for CMS and ARC | Camzify,58,150,1,Remote video monitoring software for monitoring companies,8,1581,7,BreadcrumbList FAQPage LocalBusiness Organization SoftwareApplication WebPage WebSite,False,False,False,71,True,133,225,0,True,100,100,100,
/partners/for-security-agencies,Remote Guarding Software for Security Companies | Camzify,57,146,1,Remote guarding software for security agencies,8,1380,6,BreadcrumbList FAQPage LocalBusiness Organization SoftwareApplication WebPage WebSite,False,False,False,54,False,136,225,0,True,100,80,100,lede-not-definition
/partners/for-security-integrators,For CCTV & Alarm Installers | Monthly Service | Camzify,55,151,1,Camzify for CCTV and alarm installers,7,1109,6,BreadcrumbList FAQPage LocalBusiness Organization SoftwareApplication WebPage WebSite,False,False,False,78,True,138,226,0,True,100,100,100,
/platform,Cloud VMS Platform | Video Management Software | Camzify,56,148,1,A cloud VMS with one console for the whole video operation,9,1103,6,BreadcrumbList FAQPage LocalBusiness Organization SoftwareApplication WebPage WebSite,False,False,False,53,True,137,225,0,True,100,100,100,
/platform/ai-architecture,AI Video Analytics Architecture | Six Layers | Camzify,54,154,1,AI video analytics architecture,6,772,5,BreadcrumbList FAQPage LocalBusiness Organization SoftwareApplication WebPage WebSite,False,False,False,47,False,130,225,0,True,100,80,100,lede-not-definition
/platform/analytics-and-reporting,Video Surveillance Analytics & Reporting | Camzify,50,124,1,Video surveillance analytics & reporting,6,731,5,BreadcrumbList FAQPage LocalBusiness Organization SoftwareApplication WebPage WebSite,False,False,False,82,False,131,227,0,True,100,80,100,lede-not-definition
/platform/dashboard,Video Surveillance Dashboard | Camzify,38,155,1,Video surveillance dashboard,6,662,5,BreadcrumbList FAQPage LocalBusiness Organization SoftwareApplication WebPage WebSite,False,False,False,59,True,130,231,0,True,100,100,100,
/platform/deployment-options,"Deployment Options | Cloud, On-Premises, Hybrid | Camzify",57,155,1,"Cloud, on premises, or a hybrid of both",9,739,7,BreadcrumbList FAQPage LocalBusiness Organization SoftwareApplication WebPage WebSite,False,False,False,46,False,134,225,0,True,100,80,100,lede-not-definition
/platform/license-and-instance-management,License & Instance Management | Camzify,39,133,1,License & instance management,6,828,5,BreadcrumbList FAQPage LocalBusiness Organization SoftwareApplication WebPage WebSite,False,False,False,77,False,132,15,0,True,100,80,100,lede-not-definition
/platform/live-streaming,Live Camera Streaming | Multi-Camera Live View | Camzify,56,151,1,Live camera streaming,6,811,7,BreadcrumbList FAQPage LocalBusiness Organization SoftwareApplication WebPage WebSite,False,False,False,53,False,132,225,0,True,100,80,100,lede-not-definition
/platform/mobile-access,Mobile Access | Security on the Go | Camzify,44,144,1,Mobile access,6,655,5,BreadcrumbList FAQPage LocalBusiness Organization SoftwareApplication WebPage WebSite,False,False,False,62,True,131,4,0,True,100,100,100,
/platform/multi-site-management,Multi-Site Video Surveillance Management | Camzify,50,127,1,Multi-site video surveillance,6,752,5,BreadcrumbList FAQPage LocalBusiness Organization SoftwareApplication WebPage WebSite,False,False,False,71,True,131,225,0,True,100,100,100,
/platform/notifications-and-alerts,Security Alert Management | Notifications | Camzify,51,139,1,Security alert management,6,702,5,BreadcrumbList FAQPage LocalBusiness Organization SoftwareApplication WebPage WebSite,False,False,False,49,True,132,225,0,True,100,100,100,
/platform/permission-groups,Permission Groups | Role-Based Access | Camzify,47,141,1,Permission groups,6,973,7,BreadcrumbList FAQPage LocalBusiness Organization SoftwareApplication WebPage WebSite,False,False,False,64,True,132,18,0,True,100,100,100,
/platform/user-management,Security System User Management | Camzify,41,135,1,Security system user management,6,951,10,BreadcrumbList FAQPage LocalBusiness Organization SoftwareApplication WebPage WebSite,False,False,False,41,True,134,225,0,True,100,100,100,
/platform/video-backup-and-retention,"Cloud Video Recording, Backup & Retention | Camzify",51,141,1,Cloud video backup & retention management,7,1240,10,BreadcrumbList FAQPage LocalBusiness Organization SoftwareApplication WebPage WebSite,False,False,False,68,True,133,225,0,True,100,100,100,
/pricing,"Pricing | From $5 a Camera, Quoted for You | Camzify",52,141,1,"Pay per instance, per month, for what you switch on",7,1722,9,BreadcrumbList FAQPage LocalBusiness Organization SoftwareApplication WebPage WebSite,False,False,False,65,True,133,225,0,True,100,100,100,
/privacy-policy,Privacy Policy | Camzify,24,132,1,Privacy policy,13,1336,4,BreadcrumbList FAQPage LocalBusiness Organization SoftwareApplication WebPage WebSite,False,False,False,58,True,130,266,0,True,100,100,100,
/roadmap,Product Roadmap | Upcoming Features | Camzify,45,140,1,Product roadmap,4,313,5,BreadcrumbList FAQPage LocalBusiness Organization SoftwareApplication WebPage WebSite,False,False,False,39,True,131,225,0,True,88,100,100,thin:313w
/roi-calculator,ROI Calculator | Guard Cost and Agency Revenue | Camzify,56,152,1,ROI calculator,7,603,4,BreadcrumbList FAQPage LocalBusiness Organization SoftwareApplication WebPage WebSite,False,False,False,40,False,133,266,0,True,100,80,100,lede-not-definition
/security-and-compliance,Security & Compliance | Data Protection | Camzify,49,148,1,Security & compliance,6,522,5,BreadcrumbList FAQPage LocalBusiness Organization SoftwareApplication WebPage WebSite,False,False,False,32,True,133,225,0,True,88,100,100,thin:522w
/sitemap-page,Sitemap | Every Page on Camzify | Camzify,41,156,1,Sitemap,16,1079,0,BreadcrumbList LocalBusiness Organization SoftwareApplication WebPage WebSite,False,False,False,18,False,267,224,0,True,100,100,100,
/supported-cameras,Supported Cameras | ONVIF and RTSP Brands | Camzify,51,135,1,Cameras we support,7,912,5,BreadcrumbList FAQPage LocalBusiness Organization SoftwareApplication WebPage WebSite,False,False,False,67,False,136,225,0,True,100,80,100,lede-not-definition
/terms-of-service,Terms of Service | Camzify,26,144,1,Terms of service,10,702,4,BreadcrumbList FAQPage LocalBusiness Organization SoftwareApplication WebPage WebSite,False,False,False,31,False,130,266,0,True,100,80,100,lede-not-definition
/trust,Trust | Security & Transparency | Camzify,41,123,1,Trust,7,613,4,BreadcrumbList FAQPage LocalBusiness Organization SoftwareApplication WebPage WebSite,False,False,False,32,True,130,228,0,True,100,100,100,
/use-cases,Security Use Cases | What a Patrol Round Checks | Camzify,57,138,1,"35 situations, one set of rounds",10,1430,5,BreadcrumbList FAQPage LocalBusiness Organization Service SoftwareApplication WebPage WebSite,False,False,False,69,True,130,225,0,True,100,100,100,
/use-cases/after-hours-monitoring,After-Hours & 24/7 Video Monitoring | Camzify,45,149,1,After-hours security monitoring,8,1380,7,BreadcrumbList FAQPage LocalBusiness Organization Service SoftwareApplication WebPage WebSite,False,False,False,73,True,130,229,0,True,100,100,100,
/use-cases/alarm-verification,Video Alarm Verification & Monitoring With Cameras | Camzify,60,154,1,Alarm verification with cameras,8,1296,7,BreadcrumbList FAQPage LocalBusiness Organization Service SoftwareApplication WebPage WebSite,False,False,False,76,True,130,225,0,True,100,100,100,
/use-cases/camera-health-monitoring,Camera Health Monitoring | Blind Cameras | Camzify,50,157,1,Camera health monitoring,8,1250,6,BreadcrumbList FAQPage LocalBusiness Organization Service SoftwareApplication WebPage WebSite,False,False,False,74,True,130,224,0,True,100,100,100,
/use-cases/car-theft-and-vandalism-in-parking-facilities,Car Theft and Vandalism in Parking Facilities | Camzify,55,137,1,Car theft and vandalism in parking facilities,9,1917,6,BreadcrumbList FAQPage LocalBusiness Organization Service SoftwareApplication WebPage WebSite,False,False,False,89,True,130,226,0,True,100,100,100,
/use-cases/cloud-video-backup-against-dvr-theft,Cloud Video Backup Against DVR and NVR Theft | Camzify,54,148,1,Cloud video backup against DVR theft,9,1856,6,BreadcrumbList FAQPage LocalBusiness Organization Service SoftwareApplication WebPage WebSite,False,False,False,87,True,132,225,0,True,100,100,100,
/use-cases/fall-detection-for-hospitals-and-care-homes,Fall Detection for Hospitals and Care Homes | Camzify,53,147,1,Fall detection for hospitals and care homes,9,1753,6,BreadcrumbList FAQPage LocalBusiness Organization Service SoftwareApplication WebPage WebSite,False,False,False,77,True,130,224,0,True,100,100,100,
/use-cases/fire-and-smoke-detection-for-high-rise-buildings,Fire and Smoke Detection for High-Rise Buildings | Camzify,58,148,1,Fire and smoke detection for high-rise buildings,9,1812,6,BreadcrumbList FAQPage LocalBusiness Organization Service SoftwareApplication WebPage WebSite,False,False,False,87,True,130,225,0,True,100,100,100,
/use-cases/fire-and-smoke-monitoring,Fire and Smoke Monitoring on Security Cameras | Camzify,55,153,1,Fire and smoke monitoring,8,1379,6,BreadcrumbList FAQPage LocalBusiness Organization Service SoftwareApplication WebPage WebSite,False,False,False,78,True,130,224,0,True,100,100,100,
/use-cases/fire-exit-and-escape-route-monitoring,Fire Exit and Escape Route Monitoring | Camzify,47,145,1,Fire exit and escape route monitoring,9,1805,6,BreadcrumbList FAQPage LocalBusiness Organization Service SoftwareApplication WebPage WebSite,False,False,False,95,True,130,225,0,True,100,80,100,
/use-cases/fire-lane-and-emergency-access-enforcement,Fire Lane and Emergency Access Enforcement | Camzify,52,145,1,Fire lane and emergency access enforcement,9,1967,6,BreadcrumbList FAQPage LocalBusiness Organization Service SoftwareApplication WebPage WebSite,False,False,False,94,True,130,224,0,True,100,80,100,
/use-cases/guard-tour-verification,Guard Tour Verification | Proof of Rounds | Camzify,51,153,1,Guard tour verification,8,1215,6,BreadcrumbList FAQPage LocalBusiness Organization Service SoftwareApplication WebPage WebSite,False,False,False,70,True,131,228,0,True,100,100,100,
/use-cases/incident-investigation,Incident Investigation | Timestamped Evidence | Camzify,55,153,1,Incident investigation,8,1252,6,BreadcrumbList FAQPage LocalBusiness Organization Service SoftwareApplication WebPage WebSite,False,False,False,70,True,130,225,0,True,100,100,100,
/use-cases/loading-dock-monitoring,Loading Dock Security Monitoring | Camzify,42,155,1,Loading dock security monitoring,8,1288,6,BreadcrumbList FAQPage LocalBusiness Organization Service SoftwareApplication WebPage WebSite,False,False,False,79,True,130,227,0,True,100,100,100,
/use-cases/lock-up-and-closing-checks,Lock-Up and Closing Checks on Cameras | Camzify,47,154,1,Lock-up and closing checks,8,1251,6,BreadcrumbList FAQPage LocalBusiness Organization Service SoftwareApplication WebPage WebSite,False,False,False,74,True,130,224,0,True,100,100,100,
/use-cases/night-security,Night Security | Overnight Patrol Rounds | Camzify,50,155,1,Night security,8,1236,6,BreadcrumbList FAQPage LocalBusiness Organization Service SoftwareApplication WebPage WebSite,False,False,False,82,True,130,225,0,True,100,100,100,
/use-cases/occupancy-limits-for-venues-and-public-spaces,Occupancy Limits for Venues and Public Spaces | Camzify,55,148,1,Occupancy limits for venues and public spaces,9,1818,6,BreadcrumbList FAQPage LocalBusiness Organization Service SoftwareApplication WebPage WebSite,False,False,False,99,True,130,224,0,True,100,80,100,
/use-cases/occupancy-monitoring,Occupancy Monitoring From Existing Cameras | Camzify,52,147,1,Occupancy monitoring,8,1138,6,BreadcrumbList FAQPage LocalBusiness Organization Service SoftwareApplication WebPage WebSite,False,False,False,75,True,130,224,0,True,100,100,100,
/use-cases/one-live-wall-for-every-brand-and-location,One Live Wall for Every Camera Brand and Site | Camzify,55,149,1,One live wall for every brand and location,9,1872,6,BreadcrumbList FAQPage LocalBusiness Organization Service SoftwareApplication WebPage WebSite,False,False,False,94,True,134,225,0,True,100,80,100,
/use-cases/parking-lot-surveillance,Parking Lot Security Cameras | AI Surveillance | Camzify,56,157,1,AI surveillance for parking lot security cameras,8,1253,6,BreadcrumbList FAQPage LocalBusiness Organization Service SoftwareApplication WebPage WebSite,False,False,False,88,True,130,224,0,True,100,100,100,
/use-cases/perimeter-security,AI Perimeter Security | Intrusion Detection | Camzify,53,158,1,AI perimeter security,8,1442,6,BreadcrumbList FAQPage LocalBusiness Organization Service SoftwareApplication WebPage WebSite,False,False,False,90,True,130,233,0,True,100,100,100,
/use-cases/ppe-compliance-monitoring,PPE Compliance Monitoring | Cameras Not Clipboards | Camzify,60,146,1,PPE compliance monitoring,8,1229,6,BreadcrumbList FAQPage LocalBusiness Organization Service SoftwareApplication WebPage WebSite,False,False,False,80,True,130,224,0,True,100,100,100,
/use-cases/remote-site-monitoring,Remote Site Monitoring | Unmanned Sites | Camzify,49,155,1,Remote site monitoring,8,1294,6,BreadcrumbList FAQPage LocalBusiness Organization Service SoftwareApplication WebPage WebSite,False,False,False,67,True,130,228,0,True,100,100,100,
/use-cases/remote-video-monitoring,"Remote Video Monitoring | Rounds, Not Just Alarms | Camzify",59,143,1,Remote video monitoring,8,1352,6,BreadcrumbList FAQPage LocalBusiness Organization Service SoftwareApplication WebPage WebSite,False,False,False,73,True,130,225,0,True,100,100,100,
/use-cases/tailgating-detection-for-data-centers-and-secure-entrances,Tailgating Detection for Data Centers and Lobbies | Camzify,59,149,1,Tailgating detection for data centers and secure entrances,9,2005,6,BreadcrumbList FAQPage LocalBusiness Organization Service SoftwareApplication WebPage WebSite,False,False,False,87,True,130,224,0,True,100,100,100,
/use-cases/theft-prevention,AI Theft & Loss Prevention | Zone Monitoring | Camzify,54,157,1,AI theft prevention,8,1389,7,BreadcrumbList FAQPage LocalBusiness Organization Service SoftwareApplication WebPage WebSite,False,False,False,73,True,130,227,0,True,100,100,100,
/use-cases/tracking-one-person-across-cameras,Track One Person Across Cameras | Suspect Search | Camzify,58,150,1,Tracking one person across cameras,9,1823,6,BreadcrumbList FAQPage LocalBusiness Organization Service SoftwareApplication WebPage WebSite,False,False,False,78,True,130,224,0,True,100,100,100,
/use-cases/trespassing-detection,Trespassing Detection | AI Camera Alerts | Camzify,50,157,1,Trespassing detection,8,1301,6,BreadcrumbList FAQPage LocalBusiness Organization Service SoftwareApplication WebPage WebSite,False,False,False,71,True,130,225,0,True,100,100,100,
/use-cases/unauthorized-access-detection,Unauthorized Access Detection | Zone Rules | Camzify,52,154,1,Unauthorized access detection,8,1285,6,BreadcrumbList FAQPage LocalBusiness Organization Service SoftwareApplication WebPage WebSite,False,False,False,70,True,130,226,0,True,100,100,100,
/use-cases/vandalism-prevention,Vandalism Prevention | Early Presence Alerts | Camzify,54,154,1,Vandalism prevention,8,1238,6,BreadcrumbList FAQPage LocalBusiness Organization Service SoftwareApplication WebPage WebSite,False,False,False,70,True,130,225,0,True,100,100,100,
/use-cases/vehicle-monitoring,"Vehicle Monitoring | Yards, Gates and Bays | Camzify",52,150,1,Vehicle monitoring,8,1220,6,BreadcrumbList FAQPage LocalBusiness Organization Service SoftwareApplication WebPage WebSite,False,False,False,79,True,130,224,0,True,100,100,100,
/use-cases/violence-and-weapons-detection,Violence and Weapons Detection on Cameras | Camzify,51,148,1,Violence and weapons detection,8,1246,6,BreadcrumbList FAQPage LocalBusiness Organization Service SoftwareApplication WebPage WebSite,False,False,False,77,True,130,224,0,True,100,100,100,
/use-cases/violence-detection-in-emergency-departments,Violence Detection in Emergency Departments | Camzify,53,144,1,Violence detection in emergency departments,9,1794,6,BreadcrumbList FAQPage LocalBusiness Organization Service SoftwareApplication WebPage WebSite,False,False,False,78,True,130,224,0,True,100,100,100,
/use-cases/virtual-patrolling-for-compliance-evidence,Virtual Patrolling for Compliance Evidence | Camzify,52,147,1,Virtual patrolling for compliance evidence,9,1914,6,BreadcrumbList FAQPage LocalBusiness Organization Service SoftwareApplication WebPage WebSite,False,False,False,102,True,131,226,0,True,100,80,100,
/use-cases/weapons-detection-for-schools-and-public-buildings,Weapons Detection for Schools and Civic Buildings | Camzify,59,146,1,Weapons detection for schools and public buildings,9,1770,6,BreadcrumbList FAQPage LocalBusiness Organization Service SoftwareApplication WebPage WebSite,False,False,False,86,True,130,224,0,True,100,100,100,
/use-cases/workplace-safety-monitoring,Workplace Safety Monitoring With AI Cameras | Camzify,53,152,1,Workplace safety monitoring,8,1214,6,BreadcrumbList FAQPage LocalBusiness Organization Service SoftwareApplication WebPage WebSite,False,False,False,71,True,130,224,0,True,100,100,100,
/virtual-guard,Virtual Guard | AI Virtual Security Guard Software | Camzify,60,147,1,A virtual guard watches the site through its cameras,9,1656,8,BreadcrumbList FAQPage LocalBusiness Organization Service SoftwareApplication WebPage WebSite,False,False,False,74,True,134,225,0,True,100,100,100,
/virtual-patrolling,Virtual Patrolling System | AI Security Patrols | Camzify,57,152,1,Virtual patrolling system,10,1377,8,BreadcrumbList FAQPage LocalBusiness Organization SoftwareApplication WebPage WebSite,False,False,False,75,False,132,225,0,True,100,80,100,lede-not-definition
/virtual-patrolling/automated-patrol-scheduling,Automated Security Patrol Scheduling | Camzify,46,153,1,Automated patrol scheduling,10,1573,9,BreadcrumbList FAQPage LocalBusiness Organization SoftwareApplication WebPage WebSite,False,False,False,42,True,131,225,0,True,100,100,100,
/virtual-patrolling/for-multi-site-operations,Multi-Site Virtual Patrolling | One Console | Camzify,53,148,1,Multi-site virtual patrolling,8,767,5,BreadcrumbList FAQPage LocalBusiness Organization SoftwareApplication WebPage WebSite,False,False,False,39,True,131,224,0,True,100,100,100,
/virtual-patrolling/guard-notifications,Automated Guard Notifications | Guard Alert System | Camzify,60,147,1,Guard notifications,8,982,7,BreadcrumbList FAQPage LocalBusiness Organization SoftwareApplication WebPage WebSite,False,False,False,45,True,131,225,0,True,100,100,100,
/virtual-patrolling/how-it-works,How Virtual Patrolling Works | Camera to Report | Camzify,57,155,1,How virtual patrolling works,10,758,6,BreadcrumbList FAQPage HowTo LocalBusiness Organization SoftwareApplication WebPage WebSite,False,False,False,38,False,132,225,0,True,100,80,100,lede-not-definition
/virtual-patrolling/patrol-checklists,Security Patrol Checklists | Per-Camera Checks | Camzify,56,158,1,Security patrol checklists,9,970,5,BreadcrumbList FAQPage LocalBusiness Organization SoftwareApplication WebPage WebSite,False,False,False,89,True,132,225,0,True,100,100,100,
/virtual-patrolling/patrol-compliance-tracking,Patrol Compliance Tracking | Guard Tour Compliance | Camzify,60,155,1,Patrol compliance tracking,8,778,5,BreadcrumbList FAQPage LocalBusiness Organization SoftwareApplication WebPage WebSite,False,False,False,44,True,131,225,0,True,100,100,100,
/virtual-patrolling/patrol-reports,Security Patrol Reports | PDF With Snapshots | Camzify,54,151,1,Security patrol reports,8,1050,8,BreadcrumbList FAQPage LocalBusiness Organization SoftwareApplication WebPage WebSite,False,False,False,73,True,132,225,0,True,100,100,100,
/virtual-patrolling/patrol-sequences,Camera Patrol Sequences | Virtual Patrol Routes | Camzify,57,150,1,Camera patrol sequences,7,863,5,BreadcrumbList FAQPage LocalBusiness Organization SoftwareApplication WebPage WebSite,False,False,False,48,True,130,228,0,True,100,100,100,
/virtual-patrolling/risk-detection,AI Risk Detection on Patrol | Critical Alerts | Camzify,55,154,1,AI risk detection on patrol,8,1332,6,BreadcrumbList FAQPage LocalBusiness Organization SoftwareApplication WebPage WebSite,False,False,False,46,False,131,225,0,True,100,80,100,lede-not-definition
/virtual-patrolling/vs-security-guards,Virtual Patrolling vs Security Guards | Camzify,47,142,1,Virtual patrolling vs security guards,7,746,6,BreadcrumbList FAQPage LocalBusiness Organization SoftwareApplication WebPage WebSite,False,False,False,41,True,132,225,0,True,100,100,100,
